absent_player,team_name,teammate,avg_mins,games_sampled
Aicha Coulibaly,Chicago Sky,Paige Bueckers,35.81,2
Aicha Coulibaly,Chicago Sky,Jessica Shepard,34.18,2
Aicha Coulibaly,Chicago Sky,Azzi Fudd,34.14,2
Aicha Coulibaly,Chicago Sky,Arike Ogunbowale,31.02,2
Aicha Coulibaly,Chicago Sky,Skylar Diggins,28.78,9
Aicha Coulibaly,Chicago Sky,Kamilla Cardoso,27.85,10
Aicha Coulibaly,Chicago Sky,Leila Lacan,26.80,2
Aicha Coulibaly,Chicago Sky,Diamond Miller,25.83,2
Aicha Coulibaly,Chicago Sky,Natasha Cloud,25.73,11
Aicha Coulibaly,Chicago Sky,Brittney Griner,25.46,2
Aicha Coulibaly,Chicago Sky,Azura Stevens,24.91,10
Aicha Coulibaly,Chicago Sky,Gabriela Jaquez,21.52,9
Aicha Coulibaly,Chicago Sky,Jacy Sheldon,21.33,11
Aicha Coulibaly,Chicago Sky,Aneesah Morrow,20.38,2
Aicha Coulibaly,Chicago Sky,Li Yueru,19.06,2
Aicha Coulibaly,Chicago Sky,Sydney Taylor,18.50,10
Aicha Coulibaly,Chicago Sky,Charlisse Leger-Walker,18.47,2
Aicha Coulibaly,Chicago Sky,Saniya Rivers,18.38,2
Aicha Coulibaly,Chicago Sky,Olivia Nelson-Ododa,18.28,2
Aicha Coulibaly,Chicago Sky,Elizabeth Williams,18.19,11
Aicha Coulibaly,Chicago Sky,Courtney Vandersloot,17.91,3
Aicha Coulibaly,Chicago Sky,Rachel Banham,15.24,10
Aicha Coulibaly,Chicago Sky,Nell Angloma,12.16,2
Aicha Coulibaly,Chicago Sky,Awak Kuier,10.95,2
Aicha Coulibaly,Chicago Sky,Maddy Siegrist,10.24,2
Aicha Coulibaly,Chicago Sky,Maddy Westbeld,9.49,3
Aicha Coulibaly,Chicago Sky,Sug Sutton,7.26,2
Aicha Coulibaly,Chicago Sky,Gianna Kneepkens,6.37,2
Aicha Coulibaly,Chicago Sky,Saylor Poffenbarger,6.10,4
Aicha Coulibaly,Chicago Sky,Aziaha James,6.09,2
Aicha Coulibaly,Chicago Sky,Raegan Beers,5.53,2
Aicha Coulibaly,Chicago Sky,Alanna Smith,5.47,2
Azura Stevens,Chicago Sky,Rickea Jackson,29.50,4
Azura Stevens,Chicago Sky,Gabriela Jaquez,29.37,5
Azura Stevens,Chicago Sky,Jacy Sheldon,28.79,5
Azura Stevens,Chicago Sky,Skylar Diggins,28.20,4
Azura Stevens,Chicago Sky,Natasha Cloud,26.94,4
Azura Stevens,Chicago Sky,Kamilla Cardoso,26.61,5
Azura Stevens,Chicago Sky,Rachel Banham,16.05,5
Azura Stevens,Chicago Sky,Elizabeth Williams,15.54,5
Azura Stevens,Chicago Sky,Aicha Coulibaly,14.81,4
Azura Stevens,Chicago Sky,Sydney Taylor,6.80,3
Courtney Vandersloot,Chicago Sky,Kayla McBride,35.50,3
Courtney Vandersloot,Chicago Sky,Paige Bueckers,34.13,2
Courtney Vandersloot,Chicago Sky,Olivia Miles,33.17,3
Courtney Vandersloot,Chicago Sky,Jessica Shepard,32.76,2
Courtney Vandersloot,Chicago Sky,Brittney Sykes,32.67,2
Courtney Vandersloot,Chicago Sky,Arike Ogunbowale,32.25,2
Courtney Vandersloot,Chicago Sky,Azzi Fudd,30.86,2
Courtney Vandersloot,Chicago Sky,Courtney Williams,30.83,3
Courtney Vandersloot,Chicago Sky,Natasha Howard,30.45,3
Courtney Vandersloot,Chicago Sky,Bridget Carleton,29.58,2
Courtney Vandersloot,Chicago Sky,Rickea Jackson,29.50,4
Courtney Vandersloot,Chicago Sky,Skylar Diggins,29.24,16
Courtney Vandersloot,Chicago Sky,Marina Mabrey,29.03,2
Courtney Vandersloot,Chicago Sky,Carla Leite,28.44,2
Courtney Vandersloot,Chicago Sky,Natasha Cloud,27.30,16
Courtney Vandersloot,Chicago Sky,Leila Lacan,26.80,2
Courtney Vandersloot,Chicago Sky,Kamilla Cardoso,26.64,17
Courtney Vandersloot,Chicago Sky,Nyara Sabally,26.53,2
Courtney Vandersloot,Chicago Sky,Diamond Miller,25.83,2
Courtney Vandersloot,Chicago Sky,Brittney Griner,25.46,2
Courtney Vandersloot,Chicago Sky,Nia Coffey,25.43,3
Courtney Vandersloot,Chicago Sky,Gabriela Jaquez,25.23,13
Courtney Vandersloot,Chicago Sky,Sarah Ashlee Barker,25.01,2
Courtney Vandersloot,Chicago Sky,Jacy Sheldon,23.45,17
Courtney Vandersloot,Chicago Sky,Maria Conde,22.91,2
Courtney Vandersloot,Chicago Sky,Laura Juskaite,22.18,2
Courtney Vandersloot,Chicago Sky,Azura Stevens,21.76,12
Courtney Vandersloot,Chicago Sky,Aneesah Morrow,20.38,2
Courtney Vandersloot,Chicago Sky,Emily Engstler,20.08,2
Courtney Vandersloot,Chicago Sky,Luisa Geiselsoder,19.39,2
Courtney Vandersloot,Chicago Sky,Charlisse Leger-Walker,18.47,2
Courtney Vandersloot,Chicago Sky,Saniya Rivers,18.38,2
Courtney Vandersloot,Chicago Sky,Megan Gustafson,18.35,2
Courtney Vandersloot,Chicago Sky,Olivia Nelson-Ododa,18.28,2
Courtney Vandersloot,Chicago Sky,Elizabeth Williams,17.79,17
Courtney Vandersloot,Chicago Sky,Li Yueru,17.45,2
Courtney Vandersloot,Chicago Sky,Sydney Taylor,16.36,15
Courtney Vandersloot,Chicago Sky,Maya Caldwell,15.61,3
Courtney Vandersloot,Chicago Sky,Nyadiew Puoch,15.03,2
Courtney Vandersloot,Chicago Sky,Rachel Banham,14.91,16
Courtney Vandersloot,Chicago Sky,Frieda Buhner,14.40,2
Courtney Vandersloot,Chicago Sky,Aicha Coulibaly,14.39,9
Courtney Vandersloot,Chicago Sky,Nell Angloma,12.16,2
Courtney Vandersloot,Chicago Sky,Teonni Key,11.05,2
Courtney Vandersloot,Chicago Sky,Alanna Smith,10.67,2
Courtney Vandersloot,Chicago Sky,Maddy Westbeld,10.32,2
Courtney Vandersloot,Chicago Sky,Liatu King,9.96,2
Courtney Vandersloot,Chicago Sky,Awak Kuier,9.62,2
Courtney Vandersloot,Chicago Sky,Antonia Delaere,9.29,3
Courtney Vandersloot,Chicago Sky,Maddy Siegrist,9.23,2
Courtney Vandersloot,Chicago Sky,Emese Hof,8.24,2
Courtney Vandersloot,Chicago Sky,Kia Nurse,8.22,2
Courtney Vandersloot,Chicago Sky,Serah Williams,7.56,2
Courtney Vandersloot,Chicago Sky,Aziaha James,7.02,2
Courtney Vandersloot,Chicago Sky,Gianna Kneepkens,6.37,2
Courtney Vandersloot,Chicago Sky,Anastasiia Olairi Kosu,5.64,2
Courtney Vandersloot,Chicago Sky,Raegan Beers,5.53,2
Courtney Vandersloot,Chicago Sky,Saylor Poffenbarger,5.10,5
Gabriela Jaquez,Chicago Sky,Skylar Diggins,31.10,4
Gabriela Jaquez,Chicago Sky,Kamilla Cardoso,28.65,4
Gabriela Jaquez,Chicago Sky,Natasha Cloud,27.97,4
Gabriela Jaquez,Chicago Sky,Jacy Sheldon,24.10,4
Gabriela Jaquez,Chicago Sky,Elizabeth Williams,21.53,4
Gabriela Jaquez,Chicago Sky,Sydney Taylor,19.18,4
Gabriela Jaquez,Chicago Sky,Rachel Banham,18.94,4
Gabriela Jaquez,Chicago Sky,Azura Stevens,18.01,4
Gabriela Jaquez,Chicago Sky,Aicha Coulibaly,14.65,2
Gabriela Jaquez,Chicago Sky,Saylor Poffenbarger,4.25,3
Rachel Banham,Chicago Sky,Chelsea Gray,37.80,2
Rachel Banham,Chicago Sky,Jackie Young,37.65,2
Rachel Banham,Chicago Sky,Jewell Loyd,33.32,2
Rachel Banham,Chicago Sky,Skylar Diggins,31.59,3
Rachel Banham,Chicago Sky,Kamilla Cardoso,28.56,3
Rachel Banham,Chicago Sky,Azura Stevens,27.98,3
Rachel Banham,Chicago Sky,Sydney Taylor,27.52,3
Rachel Banham,Chicago Sky,Natasha Cloud,27.23,3
Rachel Banham,Chicago Sky,Stephanie Talbot,24.09,2
Rachel Banham,Chicago Sky,NaLyssa Smith,23.63,2
Rachel Banham,Chicago Sky,Courtney Vandersloot,17.05,2
Rachel Banham,Chicago Sky,Gabriela Jaquez,16.63,3
Rachel Banham,Chicago Sky,Jacy Sheldon,14.97,3
Rachel Banham,Chicago Sky,Chennedy Carter,13.50,2
Rachel Banham,Chicago Sky,Elizabeth Williams,13.04,3
Rachel Banham,Chicago Sky,Cheyenne Parker-Tyus,12.12,2
Rachel Banham,Chicago Sky,Kierstan Bell,11.58,2
Rachel Banham,Chicago Sky,Aicha Coulibaly,9.28,2
Skylar Diggins,Chicago Sky,Natasha Cloud,30.43,5
Skylar Diggins,Chicago Sky,Azura Stevens,30.43,4
Skylar Diggins,Chicago Sky,Kamilla Cardoso,27.73,4
Skylar Diggins,Chicago Sky,Gabriela Jaquez,21.33,5
Skylar Diggins,Chicago Sky,Sydney Taylor,20.66,5
Skylar Diggins,Chicago Sky,Jacy Sheldon,20.35,5
Skylar Diggins,Chicago Sky,Courtney Vandersloot,19.10,4
Skylar Diggins,Chicago Sky,Aicha Coulibaly,16.02,3
Skylar Diggins,Chicago Sky,Elizabeth Williams,14.68,5
Skylar Diggins,Chicago Sky,Rachel Banham,13.45,5
Sydney Taylor,Chicago Sky,Skylar Diggins,34.25,2
Sydney Taylor,Chicago Sky,Kamilla Cardoso,29.71,2
Sydney Taylor,Chicago Sky,Gabriela Jaquez,27.24,2
Sydney Taylor,Chicago Sky,Natasha Cloud,26.49,2
Sydney Taylor,Chicago Sky,Jacy Sheldon,26.19,2
Sydney Taylor,Chicago Sky,Elizabeth Williams,15.69,2
Sydney Taylor,Chicago Sky,Rachel Banham,13.17,2
Aaliyah Edwards,Connecticut Sun,Aneesah Morrow,28.89,6
Aaliyah Edwards,Connecticut Sun,Leila Lacan,27.32,3
Aaliyah Edwards,Connecticut Sun,Saniya Rivers,26.09,6
Aaliyah Edwards,Connecticut Sun,Kennedy Burke,26.05,5
Aaliyah Edwards,Connecticut Sun,Brittney Griner,25.73,5
Aaliyah Edwards,Connecticut Sun,Diamond Miller,24.95,6
Aaliyah Edwards,Connecticut Sun,Charlisse Leger-Walker,15.81,6
Aaliyah Edwards,Connecticut Sun,Hailey Van Lith,15.57,4
Aaliyah Edwards,Connecticut Sun,Olivia Nelson-Ododa,14.50,6
Aaliyah Edwards,Connecticut Sun,Nell Angloma,12.47,3
Aaliyah Edwards,Connecticut Sun,Raegan Beers,10.49,4
Aaliyah Edwards,Connecticut Sun,Gianna Kneepkens,9.23,6
Aneesah Morrow,Connecticut Sun,Kayla McBride,38.09,2
Aneesah Morrow,Connecticut Sun,Courtney Williams,33.26,2
Aneesah Morrow,Connecticut Sun,Leila Lacan,30.11,7
Aneesah Morrow,Connecticut Sun,Natasha Howard,28.97,2
Aneesah Morrow,Connecticut Sun,Olivia Nelson-Ododa,27.29,7
Aneesah Morrow,Connecticut Sun,Brittney Griner,26.54,3
Aneesah Morrow,Connecticut Sun,Charlisse Leger-Walker,25.90,7
Aneesah Morrow,Connecticut Sun,Diamond Miller,25.64,7
Aneesah Morrow,Connecticut Sun,Antonia Delaere,23.79,2
Aneesah Morrow,Connecticut Sun,Kennedy Burke,22.34,7
Aneesah Morrow,Connecticut Sun,Saniya Rivers,22.25,4
Aneesah Morrow,Connecticut Sun,Aaliyah Edwards,22.23,7
Aneesah Morrow,Connecticut Sun,Dorka Juhasz,22.03,2
Aneesah Morrow,Connecticut Sun,Nia Coffey,17.06,2
Aneesah Morrow,Connecticut Sun,Maya Caldwell,15.04,2
Aneesah Morrow,Connecticut Sun,Anastasiia Olairi Kosu,11.95,2
Aneesah Morrow,Connecticut Sun,Raegan Beers,10.09,6
Aneesah Morrow,Connecticut Sun,Nell Angloma,10.06,7
Aneesah Morrow,Connecticut Sun,Eliska Hamzova,9.82,2
Aneesah Morrow,Connecticut Sun,Gianna Kneepkens,7.23,5
Ashlon Jackson,Connecticut Sun,Kayla McBride,38.09,2
Ashlon Jackson,Connecticut Sun,Julie Allemand,35.12,2
Ashlon Jackson,Connecticut Sun,Marina Mabrey,33.72,2
Ashlon Jackson,Connecticut Sun,Courtney Williams,33.26,2
Ashlon Jackson,Connecticut Sun,Laura Juskaite,32.98,2
Ashlon Jackson,Connecticut Sun,Bridget Carleton,32.58,2
Ashlon Jackson,Connecticut Sun,Breanna Stewart,31.41,2
Ashlon Jackson,Connecticut Sun,Jackie Young,29.01,2
Ashlon Jackson,Connecticut Sun,Natasha Howard,28.97,2
Ashlon Jackson,Connecticut Sun,Chelsea Gray,28.66,2
Ashlon Jackson,Connecticut Sun,Leila Lacan,28.66,13
Ashlon Jackson,Connecticut Sun,Emily Engstler,28.56,2
Ashlon Jackson,Connecticut Sun,Jewell Loyd,27.26,2
Ashlon Jackson,Connecticut Sun,A'ja Wilson,26.43,2
Ashlon Jackson,Connecticut Sun,Marine Johannes,25.98,2
Ashlon Jackson,Connecticut Sun,Brittney Griner,25.51,12
Ashlon Jackson,Connecticut Sun,Antonia Delaere,23.79,2
Ashlon Jackson,Connecticut Sun,Chennedy Carter,23.68,2
Ashlon Jackson,Connecticut Sun,Kennedy Burke,23.66,18
Ashlon Jackson,Connecticut Sun,Betnijah Laney-Hamilton,23.37,2
Ashlon Jackson,Connecticut Sun,Saniya Rivers,23.35,16
Ashlon Jackson,Connecticut Sun,Aneesah Morrow,23.16,12
Ashlon Jackson,Connecticut Sun,Pauline Astier,22.84,2
Ashlon Jackson,Connecticut Sun,Sarah Ashlee Barker,22.73,2
Ashlon Jackson,Connecticut Sun,Diamond Miller,22.13,18
Ashlon Jackson,Connecticut Sun,Dorka Juhasz,22.03,2
Ashlon Jackson,Connecticut Sun,Han Xu,21.97,2
Ashlon Jackson,Connecticut Sun,Isabelle Harrison,21.89,2
Ashlon Jackson,Connecticut Sun,Charlisse Leger-Walker,21.57,18
Ashlon Jackson,Connecticut Sun,Olivia Nelson-Ododa,21.05,16
Ashlon Jackson,Connecticut Sun,Maria Conde,21.04,2
Ashlon Jackson,Connecticut Sun,Aaliyah Edwards,19.78,13
Ashlon Jackson,Connecticut Sun,Megan Gustafson,19.47,2
Ashlon Jackson,Connecticut Sun,Hailey Van Lith,18.70,6
Ashlon Jackson,Connecticut Sun,NaLyssa Smith,17.42,2
Ashlon Jackson,Connecticut Sun,Stephanie Talbot,17.09,2
Ashlon Jackson,Connecticut Sun,Nia Coffey,17.06,2
Ashlon Jackson,Connecticut Sun,Cheyenne Parker-Tyus,15.63,2
Ashlon Jackson,Connecticut Sun,Maya Caldwell,15.04,2
Ashlon Jackson,Connecticut Sun,Rebekah Gardner,14.97,2
Ashlon Jackson,Connecticut Sun,Nyadiew Puoch,14.73,2
Ashlon Jackson,Connecticut Sun,Sug Sutton,13.08,2
Ashlon Jackson,Connecticut Sun,Anastasiia Olairi Kosu,11.95,2
Ashlon Jackson,Connecticut Sun,Serah Williams,10.60,2
Ashlon Jackson,Connecticut Sun,Brianna Turner,10.47,2
Ashlon Jackson,Connecticut Sun,Eliska Hamzova,9.82,2
Ashlon Jackson,Connecticut Sun,Nell Angloma,9.77,14
Ashlon Jackson,Connecticut Sun,Raegan Beers,9.54,13
Ashlon Jackson,Connecticut Sun,Gianna Kneepkens,8.25,14
Ashlon Jackson,Connecticut Sun,Tima Pouye,6.63,2
Ashlon Jackson,Connecticut Sun,Teonni Key,6.15,2
Ashlon Jackson,Connecticut Sun,Kia Nurse,3.89,2
Brittney Griner,Connecticut Sun,Leila Lacan,29.48,4
Brittney Griner,Connecticut Sun,Jackie Young,29.01,2
Brittney Griner,Connecticut Sun,Chelsea Gray,28.66,2
Brittney Griner,Connecticut Sun,Natisha Hiedeman,28.65,2
Brittney Griner,Connecticut Sun,Jewell Loyd,27.26,2
Brittney Griner,Connecticut Sun,Janelle Salaun,26.72,2
Brittney Griner,Connecticut Sun,A'ja Wilson,26.43,2
Brittney Griner,Connecticut Sun,Stefanie Dolson,26.29,2
Brittney Griner,Connecticut Sun,Kaila Charles,25.69,2
Brittney Griner,Connecticut Sun,Veronica Burton,25.10,2
Brittney Griner,Connecticut Sun,Jade Melbourne,24.99,2
Brittney Griner,Connecticut Sun,Chennedy Carter,23.68,2
Brittney Griner,Connecticut Sun,Flau'jae Johnson,23.42,2
Brittney Griner,Connecticut Sun,Olivia Nelson-Ododa,23.29,7
Brittney Griner,Connecticut Sun,Saniya Rivers,23.29,9
Brittney Griner,Connecticut Sun,Kennedy Burke,23.18,10
Brittney Griner,Connecticut Sun,Charlisse Leger-Walker,22.76,10
Brittney Griner,Connecticut Sun,Mackenzie Holmes,22.23,2
Brittney Griner,Connecticut Sun,Aaliyah Edwards,21.81,9
Brittney Griner,Connecticut Sun,Zia Cooke,21.81,2
Brittney Griner,Connecticut Sun,Diamond Miller,21.78,10
Brittney Griner,Connecticut Sun,Kaitlyn Chen,21.73,2
Brittney Griner,Connecticut Sun,Aneesah Morrow,21.22,6
Brittney Griner,Connecticut Sun,Jordan Horston,19.56,2
Brittney Griner,Connecticut Sun,Laeticia Amihere,18.14,2
Brittney Griner,Connecticut Sun,NaLyssa Smith,17.42,2
Brittney Griner,Connecticut Sun,Lexie Brown,17.26,2
Brittney Griner,Connecticut Sun,Stephanie Talbot,17.09,2
Brittney Griner,Connecticut Sun,Kiah Stokes,16.88,2
Brittney Griner,Connecticut Sun,Tiffany Hayes,16.81,2
Brittney Griner,Connecticut Sun,Cheyenne Parker-Tyus,15.63,2
Brittney Griner,Connecticut Sun,Cecilia Zandalasini,15.49,2
Brittney Griner,Connecticut Sun,Hailey Van Lith,15.49,7
Brittney Griner,Connecticut Sun,Kayla Thornton,14.70,2
Brittney Griner,Connecticut Sun,Nell Angloma,14.36,9
Brittney Griner,Connecticut Sun,Ashlon Jackson,14.13,4
Brittney Griner,Connecticut Sun,Raegan Beers,13.90,10
Brittney Griner,Connecticut Sun,Brianna Turner,10.47,2
Brittney Griner,Connecticut Sun,Gianna Kneepkens,10.05,10
Brittney Griner,Connecticut Sun,Taylor Thierry,6.83,2
Brittney Griner,Connecticut Sun,Juste Jocyte,3.56,2
Hailey Van Lith,Connecticut Sun,Kayla McBride,38.09,2
Hailey Van Lith,Connecticut Sun,Julie Allemand,35.12,2
Hailey Van Lith,Connecticut Sun,Sonia Citron,34.37,2
Hailey Van Lith,Connecticut Sun,Marina Mabrey,33.72,2
Hailey Van Lith,Connecticut Sun,Courtney Williams,33.26,2
Hailey Van Lith,Connecticut Sun,Laura Juskaite,32.98,2
Hailey Van Lith,Connecticut Sun,Michaela Onyenwere,30.01,2
Hailey Van Lith,Connecticut Sun,Natasha Howard,28.97,2
Hailey Van Lith,Connecticut Sun,Leila Lacan,28.40,13
Hailey Van Lith,Connecticut Sun,Georgia Amoore,26.13,2
Hailey Van Lith,Connecticut Sun,Lauren Betts,24.75,2
Hailey Van Lith,Connecticut Sun,Brittney Griner,24.53,10
Hailey Van Lith,Connecticut Sun,Antonia Delaere,23.79,2
Hailey Van Lith,Connecticut Sun,Kennedy Burke,23.07,13
Hailey Van Lith,Connecticut Sun,Charlisse Leger-Walker,22.72,13
Hailey Van Lith,Connecticut Sun,Cotie McMahon,22.59,2
Hailey Van Lith,Connecticut Sun,Diamond Miller,22.55,13
Hailey Van Lith,Connecticut Sun,Olivia Nelson-Ododa,22.51,13
Hailey Van Lith,Connecticut Sun,Dorka Juhasz,22.03,2
Hailey Van Lith,Connecticut Sun,Saniya Rivers,21.97,11
Hailey Van Lith,Connecticut Sun,Isabelle Harrison,21.89,2
Hailey Van Lith,Connecticut Sun,Maria Conde,21.04,2
Hailey Van Lith,Connecticut Sun,Aneesah Morrow,19.60,7
Hailey Van Lith,Connecticut Sun,Aaliyah Edwards,19.42,11
Hailey Van Lith,Connecticut Sun,Angela Dugalic,17.68,2
Hailey Van Lith,Connecticut Sun,Nia Coffey,17.06,2
Hailey Van Lith,Connecticut Sun,Maya Caldwell,15.04,2
Hailey Van Lith,Connecticut Sun,Lucy Olsen,12.25,2
Hailey Van Lith,Connecticut Sun,Anastasiia Olairi Kosu,11.95,2
Hailey Van Lith,Connecticut Sun,Eliska Hamzova,9.82,2
Hailey Van Lith,Connecticut Sun,Nell Angloma,9.03,12
Hailey Van Lith,Connecticut Sun,Raegan Beers,8.40,9
Hailey Van Lith,Connecticut Sun,Tima Pouye,6.63,2
Hailey Van Lith,Connecticut Sun,Teonni Key,6.15,2
Hailey Van Lith,Connecticut Sun,Gianna Kneepkens,5.96,8
Hailey Van Lith,Connecticut Sun,Kia Nurse,3.89,2
Leila Lacan,Connecticut Sun,Bridget Carleton,31.13,2
Leila Lacan,Connecticut Sun,Jackie Young,29.01,2
Leila Lacan,Connecticut Sun,Chelsea Gray,28.66,2
Leila Lacan,Connecticut Sun,Natisha Hiedeman,27.60,3
Leila Lacan,Connecticut Sun,Brittney Griner,27.33,3
Leila Lacan,Connecticut Sun,Jewell Loyd,27.26,2
Leila Lacan,Connecticut Sun,A'ja Wilson,26.43,2
Leila Lacan,Connecticut Sun,Flau'jae Johnson,25.52,3
Leila Lacan,Connecticut Sun,Stefanie Dolson,24.49,3
Leila Lacan,Connecticut Sun,Jade Melbourne,24.38,3
Leila Lacan,Connecticut Sun,Kennedy Burke,24.37,9
Leila Lacan,Connecticut Sun,Aneesah Morrow,24.09,9
Leila Lacan,Connecticut Sun,Emily Engstler,23.70,2
Leila Lacan,Connecticut Sun,Chennedy Carter,23.68,2
Leila Lacan,Connecticut Sun,Saniya Rivers,23.40,9
Leila Lacan,Connecticut Sun,Charlisse Leger-Walker,22.56,9
Leila Lacan,Connecticut Sun,Mackenzie Holmes,22.37,3
Leila Lacan,Connecticut Sun,Luisa Geiselsoder,21.59,2
Leila Lacan,Connecticut Sun,Sarah Ashlee Barker,21.35,2
Leila Lacan,Connecticut Sun,Diamond Miller,19.87,9
Leila Lacan,Connecticut Sun,Nyadiew Puoch,19.51,2
Leila Lacan,Connecticut Sun,Zia Cooke,18.59,3
Leila Lacan,Connecticut Sun,Lexie Brown,18.53,3
Leila Lacan,Connecticut Sun,Aaliyah Edwards,18.49,6
Leila Lacan,Connecticut Sun,Jordan Horston,18.13,3
Leila Lacan,Connecticut Sun,Hailey Van Lith,17.53,9
Leila Lacan,Connecticut Sun,NaLyssa Smith,17.42,2
Leila Lacan,Connecticut Sun,Stephanie Talbot,17.09,2
Leila Lacan,Connecticut Sun,Olivia Nelson-Ododa,16.57,5
Leila Lacan,Connecticut Sun,Cheyenne Parker-Tyus,15.63,2
Leila Lacan,Connecticut Sun,Ashlon Jackson,14.13,4
Leila Lacan,Connecticut Sun,Raegan Beers,13.70,8
Leila Lacan,Connecticut Sun,Megan Gustafson,12.99,2
Leila Lacan,Connecticut Sun,Nell Angloma,12.96,6
Leila Lacan,Connecticut Sun,Serah Williams,11.58,2
Leila Lacan,Connecticut Sun,Brianna Turner,10.47,2
Leila Lacan,Connecticut Sun,Gianna Kneepkens,10.45,9
Leila Lacan,Connecticut Sun,Taylor Thierry,6.83,2
Nell Angloma,Connecticut Sun,Kennedy Burke,28.70,4
Nell Angloma,Connecticut Sun,Brittney Griner,28.42,3
Nell Angloma,Connecticut Sun,Diamond Miller,24.54,4
Nell Angloma,Connecticut Sun,Saniya Rivers,22.10,4
Nell Angloma,Connecticut Sun,Charlisse Leger-Walker,21.76,4
Nell Angloma,Connecticut Sun,Aneesah Morrow,20.97,4
Nell Angloma,Connecticut Sun,Hailey Van Lith,18.79,3
Nell Angloma,Connecticut Sun,Olivia Nelson-Ododa,18.34,4
Nell Angloma,Connecticut Sun,Raegan Beers,12.66,2
Nell Angloma,Connecticut Sun,Gianna Kneepkens,12.24,3
Olivia Nelson-Ododa,Connecticut Sun,Natisha Hiedeman,28.65,2
Olivia Nelson-Ododa,Connecticut Sun,Stefanie Dolson,26.29,2
Olivia Nelson-Ododa,Connecticut Sun,Jade Melbourne,24.99,2
Olivia Nelson-Ododa,Connecticut Sun,Charlisse Leger-Walker,24.90,4
Olivia Nelson-Ododa,Connecticut Sun,Flau'jae Johnson,23.42,2
Olivia Nelson-Ododa,Connecticut Sun,Kennedy Burke,23.13,4
Olivia Nelson-Ododa,Connecticut Sun,Saniya Rivers,22.71,4
Olivia Nelson-Ododa,Connecticut Sun,Mackenzie Holmes,22.23,2
Olivia Nelson-Ododa,Connecticut Sun,Zia Cooke,21.81,2
Olivia Nelson-Ododa,Connecticut Sun,Aneesah Morrow,21.34,4
Olivia Nelson-Ododa,Connecticut Sun,Aaliyah Edwards,21.27,4
Olivia Nelson-Ododa,Connecticut Sun,Jordan Horston,19.56,2
Olivia Nelson-Ododa,Connecticut Sun,Lexie Brown,17.26,2
Olivia Nelson-Ododa,Connecticut Sun,Hailey Van Lith,17.08,4
Olivia Nelson-Ododa,Connecticut Sun,Diamond Miller,16.52,4
Olivia Nelson-Ododa,Connecticut Sun,Raegan Beers,15.94,4
Olivia Nelson-Ododa,Connecticut Sun,Nell Angloma,14.95,4
Olivia Nelson-Ododa,Connecticut Sun,Ashlon Jackson,12.37,2
Olivia Nelson-Ododa,Connecticut Sun,Gianna Kneepkens,9.25,4
Olivia Nelson-Ododa,Connecticut Sun,Taylor Thierry,6.83,2
Raegan Beers,Connecticut Sun,Leila Lacan,31.35,4
Raegan Beers,Connecticut Sun,Brittney Griner,29.02,5
Raegan Beers,Connecticut Sun,Kennedy Burke,25.29,5
Raegan Beers,Connecticut Sun,Diamond Miller,22.86,5
Raegan Beers,Connecticut Sun,Charlisse Leger-Walker,22.45,5
Raegan Beers,Connecticut Sun,Aneesah Morrow,21.29,4
Raegan Beers,Connecticut Sun,Saniya Rivers,19.57,5
Raegan Beers,Connecticut Sun,Olivia Nelson-Ododa,18.41,5
Raegan Beers,Connecticut Sun,Aaliyah Edwards,17.02,3
Raegan Beers,Connecticut Sun,Gianna Kneepkens,5.74,3
Raegan Beers,Connecticut Sun,Nell Angloma,4.32,3
Saniya Rivers,Connecticut Sun,Leila Lacan,30.17,3
Saniya Rivers,Connecticut Sun,Charlisse Leger-Walker,29.80,3
Saniya Rivers,Connecticut Sun,Diamond Miller,27.91,3
Saniya Rivers,Connecticut Sun,Olivia Nelson-Ododa,26.57,3
Saniya Rivers,Connecticut Sun,Aaliyah Edwards,22.81,3
Saniya Rivers,Connecticut Sun,Brittney Griner,22.71,2
Saniya Rivers,Connecticut Sun,Kennedy Burke,20.82,3
Saniya Rivers,Connecticut Sun,Nell Angloma,10.47,3
Saniya Rivers,Connecticut Sun,Raegan Beers,8.31,3
Alanna Smith,Dallas Wings,Azzi Fudd,37.48,4
Alanna Smith,Dallas Wings,Paige Bueckers,37.23,4
Alanna Smith,Dallas Wings,Jessica Shepard,35.91,4
Alanna Smith,Dallas Wings,Chelsea Gray,33.51,2
Alanna Smith,Dallas Wings,A'ja Wilson,33.29,2
Alanna Smith,Dallas Wings,Jackie Young,32.38,2
Alanna Smith,Dallas Wings,NaLyssa Smith,28.46,2
Alanna Smith,Dallas Wings,Jewell Loyd,27.03,2
Alanna Smith,Dallas Wings,Arike Ogunbowale,22.95,4
Alanna Smith,Dallas Wings,Awak Kuier,20.13,4
Alanna Smith,Dallas Wings,Maddy Siegrist,16.43,4
Alanna Smith,Dallas Wings,Aziaha James,13.79,4
Alanna Smith,Dallas Wings,Alysha Clark,12.73,2
Alanna Smith,Dallas Wings,Cheyenne Parker-Tyus,12.58,2
Alanna Smith,Dallas Wings,Stephanie Talbot,11.73,2
Alanna Smith,Dallas Wings,Kierstan Bell,10.61,2
Alanna Smith,Dallas Wings,Li Yueru,10.39,3
Alanna Smith,Dallas Wings,Sug Sutton,8.75,3
Awak Kuier,Dallas Wings,Jessica Shepard,30.06,3
Awak Kuier,Dallas Wings,Paige Bueckers,29.98,3
Awak Kuier,Dallas Wings,Azzi Fudd,29.43,3
Awak Kuier,Dallas Wings,Arike Ogunbowale,27.12,3
Awak Kuier,Dallas Wings,Maddy Siegrist,22.89,3
Awak Kuier,Dallas Wings,Alanna Smith,15.54,3
Awak Kuier,Dallas Wings,Aziaha James,14.75,3
Awak Kuier,Dallas Wings,Odyssey Sims,12.83,2
Awak Kuier,Dallas Wings,Alysha Clark,11.32,3
Awak Kuier,Dallas Wings,Li Yueru,7.73,2
Odyssey Sims,Dallas Wings,Kayla McBride,34.26,2
Odyssey Sims,Dallas Wings,Azzi Fudd,34.14,9
Odyssey Sims,Dallas Wings,Paige Bueckers,33.58,8
Odyssey Sims,Dallas Wings,Jessica Shepard,33.35,9
Odyssey Sims,Dallas Wings,Courtney Williams,33.33,2
Odyssey Sims,Dallas Wings,Olivia Miles,32.63,2
Odyssey Sims,Dallas Wings,Natasha Howard,32.21,2
Odyssey Sims,Dallas Wings,Chelsea Gray,31.18,2
Odyssey Sims,Dallas Wings,Nia Coffey,29.58,2
Odyssey Sims,Dallas Wings,Jewell Loyd,28.74,2
Odyssey Sims,Dallas Wings,A'ja Wilson,28.69,2
Odyssey Sims,Dallas Wings,Arike Ogunbowale,28.53,9
Odyssey Sims,Dallas Wings,Jackie Young,27.80,2
Odyssey Sims,Dallas Wings,NaLyssa Smith,26.47,2
Odyssey Sims,Dallas Wings,Awak Kuier,20.31,8
Odyssey Sims,Dallas Wings,Stephanie Talbot,18.07,2
Odyssey Sims,Dallas Wings,Cheyenne Parker-Tyus,17.38,2
Odyssey Sims,Dallas Wings,Aziaha James,15.56,9
Odyssey Sims,Dallas Wings,Kierstan Bell,15.38,2
Odyssey Sims,Dallas Wings,Maddy Siegrist,14.09,9
Odyssey Sims,Dallas Wings,Maya Caldwell,12.21,2
Odyssey Sims,Dallas Wings,Sug Sutton,12.13,6
Odyssey Sims,Dallas Wings,Anastasiia Olairi Kosu,12.01,2
Odyssey Sims,Dallas Wings,Alanna Smith,11.08,6
Odyssey Sims,Dallas Wings,Alysha Clark,9.36,5
Odyssey Sims,Dallas Wings,Li Yueru,8.39,7
Odyssey Sims,Dallas Wings,Antonia Delaere,7.58,2
Odyssey Sims,Dallas Wings,Brianna Turner,6.31,2
Odyssey Sims,Dallas Wings,JJ Quinerly,6.22,2
Cecilia Zandalasini,Golden State Valkyries,Veronica Burton,31.19,4
Cecilia Zandalasini,Golden State Valkyries,Kayla Thornton,28.96,4
Cecilia Zandalasini,Golden State Valkyries,Kaila Charles,26.89,4
Cecilia Zandalasini,Golden State Valkyries,Gabby Williams,26.68,4
Cecilia Zandalasini,Golden State Valkyries,Kiah Stokes,22.71,4
Cecilia Zandalasini,Golden State Valkyries,Janelle Salaun,22.49,4
Cecilia Zandalasini,Golden State Valkyries,Tiffany Hayes,20.20,2
Cecilia Zandalasini,Golden State Valkyries,Kaitlyn Chen,15.10,4
Cecilia Zandalasini,Golden State Valkyries,Laeticia Amihere,14.72,4
Laeticia Amihere,Golden State Valkyries,Veronica Burton,31.83,4
Laeticia Amihere,Golden State Valkyries,Kayla Thornton,28.72,4
Laeticia Amihere,Golden State Valkyries,Gabby Williams,28.59,4
Laeticia Amihere,Golden State Valkyries,Janelle Salaun,26.43,4
Laeticia Amihere,Golden State Valkyries,Kiah Stokes,20.19,4
Laeticia Amihere,Golden State Valkyries,Tiffany Hayes,19.45,4
Laeticia Amihere,Golden State Valkyries,Cecilia Zandalasini,18.23,4
Laeticia Amihere,Golden State Valkyries,Kaila Charles,16.72,4
Laeticia Amihere,Golden State Valkyries,Kaitlyn Chen,8.17,4
Tiffany Hayes,Golden State Valkyries,Veronica Burton,34.35,2
Tiffany Hayes,Golden State Valkyries,Gabby Williams,31.90,2
Tiffany Hayes,Golden State Valkyries,Kaila Charles,30.22,2
Tiffany Hayes,Golden State Valkyries,Kayla Thornton,30.13,2
Tiffany Hayes,Golden State Valkyries,Janelle Salaun,21.34,2
Tiffany Hayes,Golden State Valkyries,Kiah Stokes,21.05,2
Tiffany Hayes,Golden State Valkyries,Laeticia Amihere,17.54,2
Tiffany Hayes,Golden State Valkyries,Kaitlyn Chen,13.48,2
Aliyah Boston,Indiana Fever,Kelsey Mitchell,30.79,2
Aliyah Boston,Indiana Fever,Makayla Timpson,20.38,2
Aliyah Boston,Indiana Fever,Myisha Hines-Allen,19.95,2
Aliyah Boston,Indiana Fever,Lexie Hull,19.79,2
Aliyah Boston,Indiana Fever,Caitlin Clark,19.68,2
Aliyah Boston,Indiana Fever,Tyasha Harris,19.50,2
Aliyah Boston,Indiana Fever,Monique Billings,18.87,2
Aliyah Boston,Indiana Fever,Sophie Cunningham,18.02,2
Aliyah Boston,Indiana Fever,Raven Johnson,14.76,2
Aliyah Boston,Indiana Fever,Damiris Dantas,13.97,2
Caitlin Clark,Indiana Fever,Kelsey Mitchell,30.44,4
Caitlin Clark,Indiana Fever,Aliyah Boston,27.64,4
Caitlin Clark,Indiana Fever,Tyasha Harris,27.03,4
Caitlin Clark,Indiana Fever,Raven Johnson,21.88,4
Caitlin Clark,Indiana Fever,Sophie Cunningham,21.13,4
Caitlin Clark,Indiana Fever,Lexie Hull,20.83,4
Caitlin Clark,Indiana Fever,Monique Billings,19.64,4
Caitlin Clark,Indiana Fever,Makayla Timpson,13.18,4
Caitlin Clark,Indiana Fever,Myisha Hines-Allen,12.03,4
Caitlin Clark,Indiana Fever,Grace VanSlooten,3.66,2
Myisha Hines-Allen,Indiana Fever,Kelsey Mitchell,32.89,2
Myisha Hines-Allen,Indiana Fever,Aliyah Boston,27.18,2
Myisha Hines-Allen,Indiana Fever,Sophie Cunningham,25.15,2
Myisha Hines-Allen,Indiana Fever,Monique Billings,25.11,2
Myisha Hines-Allen,Indiana Fever,Caitlin Clark,24.98,2
Myisha Hines-Allen,Indiana Fever,Lexie Hull,21.03,2
Myisha Hines-Allen,Indiana Fever,Tyasha Harris,20.52,2
Myisha Hines-Allen,Indiana Fever,Makayla Timpson,18.96,2
Myisha Hines-Allen,Indiana Fever,Raven Johnson,1.73,2
Myisha Hines-Allen,Indiana Fever,Grace VanSlooten,1.60,2
Tyasha Harris,Indiana Fever,Kelsey Mitchell,31.77,5
Tyasha Harris,Indiana Fever,Caitlin Clark,30.89,5
Tyasha Harris,Indiana Fever,Aliyah Boston,27.44,5
Tyasha Harris,Indiana Fever,Monique Billings,23.09,5
Tyasha Harris,Indiana Fever,Sophie Cunningham,22.30,5
Tyasha Harris,Indiana Fever,Lexie Hull,19.99,5
Tyasha Harris,Indiana Fever,Raven Johnson,18.71,5
Tyasha Harris,Indiana Fever,Myisha Hines-Allen,13.14,5
Tyasha Harris,Indiana Fever,Makayla Timpson,11.80,5
Tyasha Harris,Indiana Fever,Grace VanSlooten,1.03,2
A'ja Wilson,Las Vegas Aces,Chelsea Gray,36.07,2
A'ja Wilson,Las Vegas Aces,Jackie Young,35.82,2
A'ja Wilson,Las Vegas Aces,Jewell Loyd,35.33,2
A'ja Wilson,Las Vegas Aces,NaLyssa Smith,28.93,2
A'ja Wilson,Las Vegas Aces,Stephanie Talbot,22.46,2
A'ja Wilson,Las Vegas Aces,Cheyenne Parker-Tyus,16.80,2
A'ja Wilson,Las Vegas Aces,Chennedy Carter,13.13,2
A'ja Wilson,Las Vegas Aces,Kierstan Bell,9.73,2
Brianna Turner,Las Vegas Aces,Chelsea Gray,36.71,3
Brianna Turner,Las Vegas Aces,Jackie Young,36.61,3
Brianna Turner,Las Vegas Aces,A'ja Wilson,35.23,2
Brianna Turner,Las Vegas Aces,Jewell Loyd,32.00,3
Brianna Turner,Las Vegas Aces,NaLyssa Smith,27.91,3
Brianna Turner,Las Vegas Aces,Stephanie Talbot,16.10,3
Brianna Turner,Las Vegas Aces,Chennedy Carter,15.26,2
Brianna Turner,Las Vegas Aces,Cheyenne Parker-Tyus,15.11,3
Brianna Turner,Las Vegas Aces,Kierstan Bell,10.24,3
Chennedy Carter,Las Vegas Aces,Jessica Shepard,32.87,2
Chennedy Carter,Las Vegas Aces,Chelsea Gray,32.75,11
Chennedy Carter,Las Vegas Aces,Jackie Young,32.49,11
Chennedy Carter,Las Vegas Aces,Alyssa Thomas,31.93,2
Chennedy Carter,Las Vegas Aces,A'ja Wilson,31.90,11
Chennedy Carter,Las Vegas Aces,Paige Bueckers,30.44,2
Chennedy Carter,Las Vegas Aces,Azzi Fudd,30.15,2
Chennedy Carter,Las Vegas Aces,Kahleah Copper,29.58,2
Chennedy Carter,Las Vegas Aces,Arike Ogunbowale,29.34,2
Chennedy Carter,Las Vegas Aces,Jewell Loyd,27.50,10
Chennedy Carter,Las Vegas Aces,Kayla Thornton,26.96,2
Chennedy Carter,Las Vegas Aces,NaLyssa Smith,25.22,11
Chennedy Carter,Las Vegas Aces,Veronica Burton,25.12,2
Chennedy Carter,Las Vegas Aces,Gabby Williams,24.51,2
Chennedy Carter,Las Vegas Aces,Awak Kuier,23.74,2
Chennedy Carter,Las Vegas Aces,Monique Akoa Makani,23.01,2
Chennedy Carter,Las Vegas Aces,Janelle Salaun,22.99,2
Chennedy Carter,Las Vegas Aces,Valeriane Ayayi,20.98,2
Chennedy Carter,Las Vegas Aces,DeWanna Bonner,20.88,2
Chennedy Carter,Las Vegas Aces,Kaila Charles,19.41,2
Chennedy Carter,Las Vegas Aces,Noemie Brochant,19.23,2
Chennedy Carter,Las Vegas Aces,Kiah Stokes,19.10,2
Chennedy Carter,Las Vegas Aces,Lexi Held,18.78,2
Chennedy Carter,Las Vegas Aces,Stephanie Talbot,18.61,11
Chennedy Carter,Las Vegas Aces,Cecilia Zandalasini,18.47,2
Chennedy Carter,Las Vegas Aces,Tiffany Hayes,17.23,2
Chennedy Carter,Las Vegas Aces,Kaitlyn Chen,14.88,2
Chennedy Carter,Las Vegas Aces,Sug Sutton,14.08,2
Chennedy Carter,Las Vegas Aces,Aziaha James,12.38,2
Chennedy Carter,Las Vegas Aces,Kierstan Bell,12.36,10
Chennedy Carter,Las Vegas Aces,Justine Pissott,11.77,2
Chennedy Carter,Las Vegas Aces,Brianna Turner,10.84,10
Chennedy Carter,Las Vegas Aces,Maddy Siegrist,10.73,2
Chennedy Carter,Las Vegas Aces,Cheyenne Parker-Tyus,10.10,10
Chennedy Carter,Las Vegas Aces,Alysha Clark,6.09,2
Chennedy Carter,Las Vegas Aces,Li Yueru,5.66,2
Cheyenne Parker-Tyus,Las Vegas Aces,Chelsea Gray,36.68,3
Cheyenne Parker-Tyus,Las Vegas Aces,A'ja Wilson,35.49,3
Cheyenne Parker-Tyus,Las Vegas Aces,Kayla Thornton,30.77,2
Cheyenne Parker-Tyus,Las Vegas Aces,Jackie Young,30.77,3
Cheyenne Parker-Tyus,Las Vegas Aces,Veronica Burton,30.76,2
Cheyenne Parker-Tyus,Las Vegas Aces,Jewell Loyd,28.70,2
Cheyenne Parker-Tyus,Las Vegas Aces,NaLyssa Smith,27.56,3
Cheyenne Parker-Tyus,Las Vegas Aces,Gabby Williams,26.98,2
Cheyenne Parker-Tyus,Las Vegas Aces,Janelle Salaun,24.50,2
Cheyenne Parker-Tyus,Las Vegas Aces,Stephanie Talbot,22.57,3
Cheyenne Parker-Tyus,Las Vegas Aces,Kiah Stokes,20.58,2
Cheyenne Parker-Tyus,Las Vegas Aces,Cecilia Zandalasini,18.53,2
Cheyenne Parker-Tyus,Las Vegas Aces,Chennedy Carter,17.83,2
Cheyenne Parker-Tyus,Las Vegas Aces,Kaila Charles,15.81,2
Cheyenne Parker-Tyus,Las Vegas Aces,Tiffany Hayes,15.02,2
Cheyenne Parker-Tyus,Las Vegas Aces,Kierstan Bell,10.47,2
Cheyenne Parker-Tyus,Las Vegas Aces,Kaitlyn Chen,9.25,2
Cheyenne Parker-Tyus,Las Vegas Aces,Brianna Turner,8.94,3
Jewell Loyd,Las Vegas Aces,Jackie Young,36.75,2
Jewell Loyd,Las Vegas Aces,Chelsea Gray,34.98,2
Jewell Loyd,Las Vegas Aces,A'ja Wilson,34.75,2
Jewell Loyd,Las Vegas Aces,Stephanie Talbot,28.44,2
Jewell Loyd,Las Vegas Aces,NaLyssa Smith,23.43,2
Jewell Loyd,Las Vegas Aces,Kierstan Bell,17.76,2
Jewell Loyd,Las Vegas Aces,Brianna Turner,15.11,2
Kierstan Bell,Las Vegas Aces,Chelsea Gray,33.65,5
Kierstan Bell,Las Vegas Aces,A'ja Wilson,33.08,5
Kierstan Bell,Las Vegas Aces,Jackie Young,30.22,5
Kierstan Bell,Las Vegas Aces,Jewell Loyd,27.59,5
Kierstan Bell,Las Vegas Aces,NaLyssa Smith,22.28,5
Kierstan Bell,Las Vegas Aces,Chennedy Carter,19.30,4
Kierstan Bell,Las Vegas Aces,Stephanie Talbot,18.24,5
Kierstan Bell,Las Vegas Aces,Cheyenne Parker-Tyus,8.90,4
Kierstan Bell,Las Vegas Aces,Brianna Turner,6.13,5
Ariel Atkins,Los Angeles Sparks,Brittney Sykes,36.43,2
Ariel Atkins,Los Angeles Sparks,Kelsey Plum,34.52,2
Ariel Atkins,Los Angeles Sparks,Dearica Hamby,31.40,2
Ariel Atkins,Los Angeles Sparks,Erica Wheeler,31.38,2
Ariel Atkins,Los Angeles Sparks,Nneka Ogwumike,31.18,2
Ariel Atkins,Los Angeles Sparks,Kiki Rice,28.03,2
Ariel Atkins,Los Angeles Sparks,Rae Burrell,26.63,2
Ariel Atkins,Los Angeles Sparks,Nyara Sabally,23.81,2
Ariel Atkins,Los Angeles Sparks,Marina Mabrey,23.68,2
Ariel Atkins,Los Angeles Sparks,Laura Juskaite,22.88,2
Ariel Atkins,Los Angeles Sparks,Maria Conde,21.71,2
Ariel Atkins,Los Angeles Sparks,Cameron Brink,17.43,2
Ariel Atkins,Los Angeles Sparks,Teonni Key,14.38,2
Ariel Atkins,Los Angeles Sparks,Kate Martin,12.22,2
Ariel Atkins,Los Angeles Sparks,Kia Nurse,10.78,2
Ariel Atkins,Los Angeles Sparks,Chance Gray,10.37,2
Ariel Atkins,Los Angeles Sparks,Lexi Held,5.25,2
Cameron Brink,Los Angeles Sparks,Nneka Ogwumike,30.23,8
Cameron Brink,Los Angeles Sparks,Dearica Hamby,29.85,8
Cameron Brink,Los Angeles Sparks,Kelsey Mitchell,29.78,2
Cameron Brink,Los Angeles Sparks,Rae Burrell,29.46,8
Cameron Brink,Los Angeles Sparks,Tyasha Harris,27.92,2
Cameron Brink,Los Angeles Sparks,Erica Wheeler,26.09,8
Cameron Brink,Los Angeles Sparks,Ariel Atkins,25.89,8
Cameron Brink,Los Angeles Sparks,Lexie Hull,21.28,2
Cameron Brink,Los Angeles Sparks,Monique Billings,20.08,2
Cameron Brink,Los Angeles Sparks,Makayla Timpson,16.77,2
Cameron Brink,Los Angeles Sparks,Raven Johnson,16.62,2
Cameron Brink,Los Angeles Sparks,Sophie Cunningham,15.31,2
Cameron Brink,Los Angeles Sparks,Kiana Williams,13.69,7
Cameron Brink,Los Angeles Sparks,Jihyun Park,13.15,8
Cameron Brink,Los Angeles Sparks,Damiris Dantas,13.06,2
Cameron Brink,Los Angeles Sparks,Myisha Hines-Allen,10.81,2
Cameron Brink,Los Angeles Sparks,Chance Gray,9.86,6
Cameron Brink,Los Angeles Sparks,Laura Ziegler,9.77,3
Cameron Brink,Los Angeles Sparks,Emma Cannon,9.60,7
Cameron Brink,Los Angeles Sparks,Kate Martin,7.51,4
Cameron Brink,Los Angeles Sparks,Ta'Niya Latson,7.22,3
Cameron Brink,Los Angeles Sparks,Alissa Pili,5.93,3
Cameron Brink,Los Angeles Sparks,Bree Hall,5.35,2
Cameron Brink,Los Angeles Sparks,Grace VanSlooten,4.79,2
Kelsey Plum,Los Angeles Sparks,Nneka Ogwumike,30.57,11
Kelsey Plum,Los Angeles Sparks,Natasha Howard,30.50,2
Kelsey Plum,Los Angeles Sparks,Rae Burrell,30.44,11
Kelsey Plum,Los Angeles Sparks,Courtney Williams,30.08,2
Kelsey Plum,Los Angeles Sparks,Kelsey Mitchell,29.78,2
Kelsey Plum,Los Angeles Sparks,Dearica Hamby,29.48,11
Kelsey Plum,Los Angeles Sparks,Nia Coffey,28.58,2
Kelsey Plum,Los Angeles Sparks,Tyasha Harris,27.92,2
Kelsey Plum,Los Angeles Sparks,Ariel Atkins,27.85,11
Kelsey Plum,Los Angeles Sparks,Erica Wheeler,27.71,11
Kelsey Plum,Los Angeles Sparks,Kayla McBride,27.65,2
Kelsey Plum,Los Angeles Sparks,Olivia Miles,26.15,2
Kelsey Plum,Los Angeles Sparks,Lexie Hull,21.28,2
Kelsey Plum,Los Angeles Sparks,Monique Billings,20.08,2
Kelsey Plum,Los Angeles Sparks,Cameron Brink,18.63,4
Kelsey Plum,Los Angeles Sparks,Makayla Timpson,16.77,2
Kelsey Plum,Los Angeles Sparks,Raven Johnson,16.62,2
Kelsey Plum,Los Angeles Sparks,Maya Caldwell,16.13,2
Kelsey Plum,Los Angeles Sparks,Sophie Cunningham,15.31,2
Kelsey Plum,Los Angeles Sparks,Antonia Delaere,14.62,2
Kelsey Plum,Los Angeles Sparks,Kiana Williams,14.27,7
Kelsey Plum,Los Angeles Sparks,Anastasiia Olairi Kosu,13.45,2
Kelsey Plum,Los Angeles Sparks,Damiris Dantas,13.06,2
Kelsey Plum,Los Angeles Sparks,Jihyun Park,11.98,10
Kelsey Plum,Los Angeles Sparks,Chance Gray,10.86,10
Kelsey Plum,Los Angeles Sparks,Myisha Hines-Allen,10.81,2
Kelsey Plum,Los Angeles Sparks,Emma Cannon,9.60,7
Kelsey Plum,Los Angeles Sparks,Laura Ziegler,9.59,2
Kelsey Plum,Los Angeles Sparks,Eliska Hamzova,8.99,2
Kelsey Plum,Los Angeles Sparks,Kate Martin,8.61,5
Kelsey Plum,Los Angeles Sparks,Ta'Niya Latson,6.26,6
Kelsey Plum,Los Angeles Sparks,Alissa Pili,5.93,3
Kelsey Plum,Los Angeles Sparks,Bree Hall,5.35,2
Kelsey Plum,Los Angeles Sparks,Grace VanSlooten,4.79,2
Kiana Williams,Los Angeles Sparks,Brittney Sykes,36.43,2
Kiana Williams,Los Angeles Sparks,Kelsey Plum,34.43,10
Kiana Williams,Los Angeles Sparks,Chelsea Gray,34.37,3
Kiana Williams,Los Angeles Sparks,A'ja Wilson,33.05,3
Kiana Williams,Los Angeles Sparks,Nneka Ogwumike,32.20,13
Kiana Williams,Los Angeles Sparks,Dearica Hamby,29.19,14
Kiana Williams,Los Angeles Sparks,Jackie Young,28.73,3
Kiana Williams,Los Angeles Sparks,Erica Wheeler,28.17,14
Kiana Williams,Los Angeles Sparks,Kiki Rice,28.03,2
Kiana Williams,Los Angeles Sparks,Jewell Loyd,27.73,2
Kiana Williams,Los Angeles Sparks,Ariel Atkins,26.72,12
Kiana Williams,Los Angeles Sparks,Rae Burrell,26.68,14
Kiana Williams,Los Angeles Sparks,Nyara Sabally,23.81,2
Kiana Williams,Los Angeles Sparks,Marina Mabrey,23.68,2
Kiana Williams,Los Angeles Sparks,Laura Juskaite,22.88,2
Kiana Williams,Los Angeles Sparks,Chennedy Carter,22.85,2
Kiana Williams,Los Angeles Sparks,NaLyssa Smith,21.71,3
Kiana Williams,Los Angeles Sparks,Maria Conde,21.71,2
Kiana Williams,Los Angeles Sparks,Stephanie Talbot,19.84,3
Kiana Williams,Los Angeles Sparks,Cameron Brink,17.36,13
Kiana Williams,Los Angeles Sparks,Brianna Turner,15.06,3
Kiana Williams,Los Angeles Sparks,Kierstan Bell,14.75,2
Kiana Williams,Los Angeles Sparks,Teonni Key,14.38,2
Kiana Williams,Los Angeles Sparks,Lexi Held,13.03,3
Kiana Williams,Los Angeles Sparks,Chance Gray,11.42,13
Kiana Williams,Los Angeles Sparks,Kia Nurse,10.78,2
Kiana Williams,Los Angeles Sparks,Kate Martin,8.40,9
Kiana Williams,Los Angeles Sparks,Jihyun Park,6.47,9
Kiana Williams,Los Angeles Sparks,Cheyenne Parker-Tyus,5.55,2
Kiana Williams,Los Angeles Sparks,Ta'Niya Latson,5.07,8
Kiana Williams,Los Angeles Sparks,Sania Feagin,3.40,3
Kiana Williams,Los Angeles Sparks,Emma Cannon,2.19,3
Olivia Miles,Minnesota Lynx,Kayla McBride,38.09,2
Olivia Miles,Minnesota Lynx,Courtney Williams,33.26,2
Olivia Miles,Minnesota Lynx,Leila Lacan,31.49,2
Olivia Miles,Minnesota Lynx,Charlisse Leger-Walker,29.54,2
Olivia Miles,Minnesota Lynx,Natasha Howard,28.97,2
Olivia Miles,Minnesota Lynx,Olivia Nelson-Ododa,27.83,2
Olivia Miles,Minnesota Lynx,Kennedy Burke,25.05,2
Olivia Miles,Minnesota Lynx,Antonia Delaere,23.79,2
Olivia Miles,Minnesota Lynx,Dorka Juhasz,22.03,2
Olivia Miles,Minnesota Lynx,Diamond Miller,21.12,2
Olivia Miles,Minnesota Lynx,Nia Coffey,17.06,2
Olivia Miles,Minnesota Lynx,Maya Caldwell,15.04,2
Olivia Miles,Minnesota Lynx,Aaliyah Edwards,14.53,2
Olivia Miles,Minnesota Lynx,Saniya Rivers,12.37,2
Olivia Miles,Minnesota Lynx,Anastasiia Olairi Kosu,11.95,2
Olivia Miles,Minnesota Lynx,Eliska Hamzova,9.82,2
Olivia Miles,Minnesota Lynx,Nell Angloma,7.86,2
Olivia Miles,Minnesota Lynx,Gianna Kneepkens,6.65,2
Betnijah Laney-Hamilton,New York Liberty,Breanna Stewart,33.37,7
Betnijah Laney-Hamilton,New York Liberty,Jonquel Jones,31.07,7
Betnijah Laney-Hamilton,New York Liberty,Leonie Fiebich,29.40,4
Betnijah Laney-Hamilton,New York Liberty,Sabrina Ionescu,29.15,5
Betnijah Laney-Hamilton,New York Liberty,Pauline Astier,22.81,7
Betnijah Laney-Hamilton,New York Liberty,Marine Johannes,22.10,7
Betnijah Laney-Hamilton,New York Liberty,Satou Sabally,18.02,6
Betnijah Laney-Hamilton,New York Liberty,Rebecca Allen,15.61,3
Betnijah Laney-Hamilton,New York Liberty,Rebekah Gardner,12.48,7
Betnijah Laney-Hamilton,New York Liberty,Anneli Maley,11.08,2
Betnijah Laney-Hamilton,New York Liberty,Han Xu,10.15,7
Betnijah Laney-Hamilton,New York Liberty,Raquel Carrera,1.71,3
Julie Vanloo,New York Liberty,Kahleah Copper,36.18,2
Julie Vanloo,New York Liberty,Arike Ogunbowale,34.99,2
Julie Vanloo,New York Liberty,Jessica Shepard,34.87,2
Julie Vanloo,New York Liberty,Paige Bueckers,34.85,2
Julie Vanloo,New York Liberty,Alyssa Thomas,34.02,2
Julie Vanloo,New York Liberty,Natasha Howard,33.37,2
Julie Vanloo,New York Liberty,Azzi Fudd,33.17,2
Julie Vanloo,New York Liberty,Breanna Stewart,33.05,18
Julie Vanloo,New York Liberty,Kayla McBride,32.83,2
Julie Vanloo,New York Liberty,Sonia Citron,32.55,2
Julie Vanloo,New York Liberty,Marina Mabrey,30.73,2
Julie Vanloo,New York Liberty,Courtney Williams,30.35,2
Julie Vanloo,New York Liberty,Jonquel Jones,30.31,18
Julie Vanloo,New York Liberty,Sabrina Ionescu,29.75,12
Julie Vanloo,New York Liberty,Leonie Fiebich,29.13,14
Julie Vanloo,New York Liberty,Olivia Miles,29.04,2
Julie Vanloo,New York Liberty,Shakira Austin,28.88,2
Julie Vanloo,New York Liberty,Julie Allemand,28.41,2
Julie Vanloo,New York Liberty,Nia Coffey,28.08,2
Julie Vanloo,New York Liberty,Nyara Sabally,27.70,2
Julie Vanloo,New York Liberty,Natasha Mack,27.63,2
Julie Vanloo,New York Liberty,Maria Conde,27.23,2
Julie Vanloo,New York Liberty,Awak Kuier,26.02,2
Julie Vanloo,New York Liberty,Laura Juskaite,25.37,2
Julie Vanloo,New York Liberty,Michaela Onyenwere,24.59,2
Julie Vanloo,New York Liberty,Monique Akoa Makani,23.98,2
Julie Vanloo,New York Liberty,Pauline Astier,23.80,19
Julie Vanloo,New York Liberty,DeWanna Bonner,22.93,2
Julie Vanloo,New York Liberty,Georgia Amoore,21.63,2
Julie Vanloo,New York Liberty,Marine Johannes,21.46,19
Julie Vanloo,New York Liberty,Lauren Betts,20.93,2
Julie Vanloo,New York Liberty,Noemie Brochant,20.28,2
Julie Vanloo,New York Liberty,Cotie McMahon,17.03,2
Julie Vanloo,New York Liberty,Satou Sabally,16.79,12
Julie Vanloo,New York Liberty,Angela Dugalic,16.43,2
Julie Vanloo,New York Liberty,Maya Caldwell,15.13,2
Julie Vanloo,New York Liberty,Alanna Smith,15.08,2
Julie Vanloo,New York Liberty,Betnijah Laney-Hamilton,14.62,13
Julie Vanloo,New York Liberty,Jovana Nogic,13.13,2
Julie Vanloo,New York Liberty,Rebekah Gardner,12.88,18
Julie Vanloo,New York Liberty,Kyara Linskens,12.37,2
Julie Vanloo,New York Liberty,Han Xu,12.36,19
Julie Vanloo,New York Liberty,Anneli Maley,11.10,3
Julie Vanloo,New York Liberty,Antonia Delaere,10.21,2
Julie Vanloo,New York Liberty,Odyssey Sims,9.79,2
Julie Vanloo,New York Liberty,Rebecca Allen,8.48,7
Julie Vanloo,New York Liberty,Lucy Olsen,7.47,2
Julie Vanloo,New York Liberty,Anastasiia Olairi Kosu,7.29,2
Julie Vanloo,New York Liberty,Kiana Williams,6.93,2
Julie Vanloo,New York Liberty,Aziaha James,6.46,2
Julie Vanloo,New York Liberty,Tima Pouye,6.22,2
Julie Vanloo,New York Liberty,Valeriane Ayayi,6.05,2
Julie Vanloo,New York Liberty,Raquel Carrera,5.65,12
Julie Vanloo,New York Liberty,Marine Fauthoux,5.48,3
Julie Vanloo,New York Liberty,Kia Nurse,4.63,2
Julie Vanloo,New York Liberty,Cassandre Prosper,4.52,2
Leonie Fiebich,New York Liberty,Arike Ogunbowale,34.99,2
Leonie Fiebich,New York Liberty,Jessica Shepard,34.87,2
Leonie Fiebich,New York Liberty,Paige Bueckers,34.85,2
Leonie Fiebich,New York Liberty,Breanna Stewart,33.39,10
Leonie Fiebich,New York Liberty,Azzi Fudd,33.17,2
Leonie Fiebich,New York Liberty,Sabrina Ionescu,32.85,4
Leonie Fiebich,New York Liberty,Jonquel Jones,29.57,10
Leonie Fiebich,New York Liberty,Bridget Carleton,29.30,3
Leonie Fiebich,New York Liberty,Marine Johannes,27.21,10
Leonie Fiebich,New York Liberty,Awak Kuier,26.02,2
Leonie Fiebich,New York Liberty,Pauline Astier,25.34,10
Leonie Fiebich,New York Liberty,Nyadiew Puoch,24.34,3
Leonie Fiebich,New York Liberty,Carla Leite,23.94,2
Leonie Fiebich,New York Liberty,Emily Engstler,23.53,3
Leonie Fiebich,New York Liberty,Luisa Geiselsoder,23.11,3
Leonie Fiebich,New York Liberty,Sarah Ashlee Barker,20.51,3
Leonie Fiebich,New York Liberty,Betnijah Laney-Hamilton,19.12,7
Leonie Fiebich,New York Liberty,Rebekah Gardner,18.41,10
Leonie Fiebich,New York Liberty,Julie Vanloo,16.23,5
Leonie Fiebich,New York Liberty,Alex Fowler,15.65,2
Leonie Fiebich,New York Liberty,Megan Gustafson,15.55,3
Leonie Fiebich,New York Liberty,Satou Sabally,15.22,3
Leonie Fiebich,New York Liberty,Kamiah Smalls,15.09,2
Leonie Fiebich,New York Liberty,Alanna Smith,15.08,2
Leonie Fiebich,New York Liberty,Han Xu,14.07,10
Leonie Fiebich,New York Liberty,Rebecca Allen,13.11,5
Leonie Fiebich,New York Liberty,Haley Jones,12.72,2
Leonie Fiebich,New York Liberty,Anneli Maley,11.10,3
Leonie Fiebich,New York Liberty,Frieda Buhner,10.85,2
Leonie Fiebich,New York Liberty,Odyssey Sims,9.79,2
Leonie Fiebich,New York Liberty,Serah Williams,7.64,2
Leonie Fiebich,New York Liberty,Aziaha James,6.46,2
Leonie Fiebich,New York Liberty,Raquel Carrera,3.85,4
Leonie Fiebich,New York Liberty,Aubrey Griffin,1.93,4
Rebecca Allen,New York Liberty,Breanna Stewart,33.78,14
Rebecca Allen,New York Liberty,Sonia Citron,33.68,3
Rebecca Allen,New York Liberty,Marina Mabrey,30.73,2
Rebecca Allen,New York Liberty,Shakira Austin,30.38,3
Rebecca Allen,New York Liberty,Sabrina Ionescu,30.19,8
Rebecca Allen,New York Liberty,Jonquel Jones,29.33,14
Rebecca Allen,New York Liberty,Leonie Fiebich,28.82,10
Rebecca Allen,New York Liberty,Julie Allemand,28.41,2
Rebecca Allen,New York Liberty,Nyara Sabally,27.70,2
Rebecca Allen,New York Liberty,Kiki Iriafen,27.66,2
Rebecca Allen,New York Liberty,Saniya Rivers,27.43,2
Rebecca Allen,New York Liberty,Maria Conde,27.23,2
Rebecca Allen,New York Liberty,Laura Juskaite,25.37,2
Rebecca Allen,New York Liberty,Michaela Onyenwere,24.59,2
Rebecca Allen,New York Liberty,Pauline Astier,24.00,15
Rebecca Allen,New York Liberty,Diamond Miller,23.96,2
Rebecca Allen,New York Liberty,Marine Johannes,23.50,15
Rebecca Allen,New York Liberty,Georgia Amoore,21.54,3
Rebecca Allen,New York Liberty,Olivia Nelson-Ododa,20.58,2
Rebecca Allen,New York Liberty,Lauren Betts,20.09,3
Rebecca Allen,New York Liberty,Kennedy Burke,19.52,2
Rebecca Allen,New York Liberty,Betnijah Laney-Hamilton,18.68,11
Rebecca Allen,New York Liberty,Satou Sabally,17.84,9
Rebecca Allen,New York Liberty,Charlisse Leger-Walker,17.60,2
Rebecca Allen,New York Liberty,Cotie McMahon,17.03,2
Rebecca Allen,New York Liberty,Julie Vanloo,15.90,3
Rebecca Allen,New York Liberty,Angela Dugalic,14.42,3
Rebecca Allen,New York Liberty,Rebekah Gardner,13.50,14
Rebecca Allen,New York Liberty,Han Xu,13.40,15
Rebecca Allen,New York Liberty,Gianna Kneepkens,13.11,2
Rebecca Allen,New York Liberty,Raegan Beers,12.53,2
Rebecca Allen,New York Liberty,Cassandre Prosper,12.18,3
Rebecca Allen,New York Liberty,Rori Harmon,11.93,2
Rebecca Allen,New York Liberty,Anneli Maley,11.14,2
Rebecca Allen,New York Liberty,Raquel Carrera,7.30,7
Rebecca Allen,New York Liberty,Lucy Olsen,6.56,3
Rebecca Allen,New York Liberty,Tima Pouye,6.22,2
Rebecca Allen,New York Liberty,Marine Fauthoux,5.48,3
Rebecca Allen,New York Liberty,Kia Nurse,4.63,2
Rebecca Allen,New York Liberty,Aubrey Griffin,1.89,3
Sabrina Ionescu,New York Liberty,Kahleah Copper,36.18,2
Sabrina Ionescu,New York Liberty,Alyssa Thomas,34.02,2
Sabrina Ionescu,New York Liberty,Breanna Stewart,32.69,12
Sabrina Ionescu,New York Liberty,Bridget Carleton,29.30,3
Sabrina Ionescu,New York Liberty,Jonquel Jones,29.06,11
Sabrina Ionescu,New York Liberty,Leonie Fiebich,28.98,6
Sabrina Ionescu,New York Liberty,Natasha Mack,27.63,2
Sabrina Ionescu,New York Liberty,Saniya Rivers,27.43,2
Sabrina Ionescu,New York Liberty,Marine Johannes,27.23,12
Sabrina Ionescu,New York Liberty,Pauline Astier,26.79,12
Sabrina Ionescu,New York Liberty,Nyadiew Puoch,24.34,3
Sabrina Ionescu,New York Liberty,Monique Akoa Makani,23.98,2
Sabrina Ionescu,New York Liberty,Diamond Miller,23.96,2
Sabrina Ionescu,New York Liberty,Carla Leite,23.94,2
Sabrina Ionescu,New York Liberty,Emily Engstler,23.53,3
Sabrina Ionescu,New York Liberty,Luisa Geiselsoder,23.11,3
Sabrina Ionescu,New York Liberty,DeWanna Bonner,22.93,2
Sabrina Ionescu,New York Liberty,Olivia Nelson-Ododa,20.58,2
Sabrina Ionescu,New York Liberty,Sarah Ashlee Barker,20.51,3
Sabrina Ionescu,New York Liberty,Noemie Brochant,20.28,2
Sabrina Ionescu,New York Liberty,Kennedy Burke,19.52,2
Sabrina Ionescu,New York Liberty,Betnijah Laney-Hamilton,18.41,10
Sabrina Ionescu,New York Liberty,Charlisse Leger-Walker,17.60,2
Sabrina Ionescu,New York Liberty,Rebekah Gardner,17.26,12
Sabrina Ionescu,New York Liberty,Julie Vanloo,16.23,5
Sabrina Ionescu,New York Liberty,Alex Fowler,15.65,2
Sabrina Ionescu,New York Liberty,Megan Gustafson,15.55,3
Sabrina Ionescu,New York Liberty,Kamiah Smalls,15.09,2
Sabrina Ionescu,New York Liberty,Satou Sabally,14.64,7
Sabrina Ionescu,New York Liberty,Rebecca Allen,14.04,5
Sabrina Ionescu,New York Liberty,Jovana Nogic,13.13,2
Sabrina Ionescu,New York Liberty,Gianna Kneepkens,13.11,2
Sabrina Ionescu,New York Liberty,Han Xu,13.09,12
Sabrina Ionescu,New York Liberty,Haley Jones,12.72,2
Sabrina Ionescu,New York Liberty,Raegan Beers,12.53,2
Sabrina Ionescu,New York Liberty,Kyara Linskens,12.37,2
Sabrina Ionescu,New York Liberty,Frieda Buhner,10.85,2
Sabrina Ionescu,New York Liberty,Serah Williams,7.64,2
Sabrina Ionescu,New York Liberty,Raquel Carrera,7.51,3
Sabrina Ionescu,New York Liberty,Valeriane Ayayi,6.05,2
Sabrina Ionescu,New York Liberty,Marine Fauthoux,5.48,3
Sabrina Ionescu,New York Liberty,Aubrey Griffin,1.93,4
Satou Sabally,New York Liberty,Natasha Howard,33.37,2
Satou Sabally,New York Liberty,Breanna Stewart,33.29,10
Satou Sabally,New York Liberty,Kayla McBride,32.83,2
Satou Sabally,New York Liberty,Leonie Fiebich,32.80,4
Satou Sabally,New York Liberty,Sabrina Ionescu,31.83,6
Satou Sabally,New York Liberty,Courtney Williams,30.35,2
Satou Sabally,New York Liberty,Jonquel Jones,29.75,11
Satou Sabally,New York Liberty,Olivia Miles,29.04,2
Satou Sabally,New York Liberty,Bridget Carleton,29.00,2
Satou Sabally,New York Liberty,Nia Coffey,28.08,2
Satou Sabally,New York Liberty,Nyadiew Puoch,26.52,2
Satou Sabally,New York Liberty,Pauline Astier,25.39,11
Satou Sabally,New York Liberty,Marine Johannes,24.35,11
Satou Sabally,New York Liberty,Luisa Geiselsoder,23.50,2
Satou Sabally,New York Liberty,Sarah Ashlee Barker,21.58,2
Satou Sabally,New York Liberty,Emily Engstler,21.44,2
Satou Sabally,New York Liberty,Betnijah Laney-Hamilton,18.06,10
Satou Sabally,New York Liberty,Rebekah Gardner,16.52,11
Satou Sabally,New York Liberty,Julie Vanloo,16.31,4
Satou Sabally,New York Liberty,Maya Caldwell,15.13,2
Satou Sabally,New York Liberty,Kamiah Smalls,15.09,2
Satou Sabally,New York Liberty,Megan Gustafson,14.48,2
Satou Sabally,New York Liberty,Han Xu,13.53,11
Satou Sabally,New York Liberty,Haley Jones,12.72,2
Satou Sabally,New York Liberty,Frieda Buhner,10.85,2
Satou Sabally,New York Liberty,Antonia Delaere,10.21,2
Satou Sabally,New York Liberty,Rebecca Allen,8.18,5
Satou Sabally,New York Liberty,Anastasiia Olairi Kosu,7.29,2
Satou Sabally,New York Liberty,Raquel Carrera,6.11,7
Satou Sabally,New York Liberty,Aubrey Griffin,1.93,4
Alyssa Thomas,Phoenix Mercury,DeWanna Bonner,33.48,2
Alyssa Thomas,Phoenix Mercury,Noemie Brochant,28.03,2
Alyssa Thomas,Phoenix Mercury,Lexi Held,24.70,2
Alyssa Thomas,Phoenix Mercury,Valeriane Ayayi,15.38,2
Alyssa Thomas,Phoenix Mercury,Marta Suarez,12.95,2
Alyssa Thomas,Phoenix Mercury,Quionche Carter,9.94,2
Alyssa Thomas,Phoenix Mercury,Kyara Linskens,9.81,2
Jovana Nogic,Phoenix Mercury,Kelsey Mitchell,34.83,3
Jovana Nogic,Phoenix Mercury,Aliyah Boston,33.84,3
Jovana Nogic,Phoenix Mercury,Alyssa Thomas,32.80,8
Jovana Nogic,Phoenix Mercury,Kahleah Copper,31.81,9
Jovana Nogic,Phoenix Mercury,Flau'jae Johnson,31.53,2
Jovana Nogic,Phoenix Mercury,DeWanna Bonner,28.96,9
Jovana Nogic,Phoenix Mercury,Awa Fam,28.63,2
Jovana Nogic,Phoenix Mercury,Natisha Hiedeman,27.71,2
Jovana Nogic,Phoenix Mercury,Valeriane Ayayi,25.65,9
Jovana Nogic,Phoenix Mercury,Sophie Cunningham,24.98,3
Jovana Nogic,Phoenix Mercury,Caitlin Clark,24.39,2
Jovana Nogic,Phoenix Mercury,Noemie Brochant,24.03,8
Jovana Nogic,Phoenix Mercury,Lexi Held,23.64,9
Jovana Nogic,Phoenix Mercury,Natasha Mack,22.02,2
Jovana Nogic,Phoenix Mercury,Dominique Malonga,21.88,2
Jovana Nogic,Phoenix Mercury,Monique Akoa Makani,21.60,5
Jovana Nogic,Phoenix Mercury,Monique Billings,21.14,3
Jovana Nogic,Phoenix Mercury,Raven Johnson,19.83,3
Jovana Nogic,Phoenix Mercury,Lexie Hull,19.76,3
Jovana Nogic,Phoenix Mercury,Jade Melbourne,18.42,2
Jovana Nogic,Phoenix Mercury,Katie Lou Samuelson,17.50,2
Jovana Nogic,Phoenix Mercury,Stefanie Dolson,16.64,2
Jovana Nogic,Phoenix Mercury,Myisha Hines-Allen,14.05,3
Jovana Nogic,Phoenix Mercury,Sami Whitcomb,13.60,3
Jovana Nogic,Phoenix Mercury,Tyasha Harris,12.65,2
Jovana Nogic,Phoenix Mercury,Kyara Linskens,11.22,5
Jovana Nogic,Phoenix Mercury,Zia Cooke,11.10,2
Jovana Nogic,Phoenix Mercury,Makayla Timpson,9.77,2
Jovana Nogic,Phoenix Mercury,Marta Suarez,9.52,7
Jovana Nogic,Phoenix Mercury,Quionche Carter,5.95,5
Jovana Nogic,Phoenix Mercury,Shay Ciezki,4.73,2
Jovana Nogic,Phoenix Mercury,Taylor Thierry,4.55,2
Jovana Nogic,Phoenix Mercury,Mackenzie Holmes,3.17,2
Kiana Williams,Phoenix Mercury,Kelsey Mitchell,34.83,3
Kiana Williams,Phoenix Mercury,Aliyah Boston,33.84,3
Kiana Williams,Phoenix Mercury,Alyssa Thomas,33.23,15
Kiana Williams,Phoenix Mercury,Courtney Williams,31.98,2
Kiana Williams,Phoenix Mercury,Kahleah Copper,31.74,16
Kiana Williams,Phoenix Mercury,Jackie Young,31.16,2
Kiana Williams,Phoenix Mercury,Chelsea Gray,31.15,2
Kiana Williams,Phoenix Mercury,A'ja Wilson,30.79,2
Kiana Williams,Phoenix Mercury,Flau'jae Johnson,30.65,3
Kiana Williams,Phoenix Mercury,Awa Fam,29.97,3
Kiana Williams,Phoenix Mercury,Olivia Miles,29.38,2
Kiana Williams,Phoenix Mercury,Natasha Howard,28.94,2
Kiana Williams,Phoenix Mercury,Kayla McBride,28.74,2
Kiana Williams,Phoenix Mercury,Natisha Hiedeman,28.36,3
Kiana Williams,Phoenix Mercury,Jewell Loyd,26.24,2
Kiana Williams,Phoenix Mercury,Nia Coffey,25.99,2
Kiana Williams,Phoenix Mercury,DeWanna Bonner,25.86,17
Kiana Williams,Phoenix Mercury,Natasha Mack,25.08,10
Kiana Williams,Phoenix Mercury,Sophie Cunningham,24.98,3
Kiana Williams,Phoenix Mercury,Monique Akoa Makani,24.57,13
Kiana Williams,Phoenix Mercury,Caitlin Clark,24.39,2
Kiana Williams,Phoenix Mercury,NaLyssa Smith,24.22,2
Kiana Williams,Phoenix Mercury,Noemie Brochant,23.88,16
Kiana Williams,Phoenix Mercury,Dominique Malonga,21.88,2
Kiana Williams,Phoenix Mercury,Stephanie Talbot,21.77,2
Kiana Williams,Phoenix Mercury,Lexi Held,21.38,16
Kiana Williams,Phoenix Mercury,Monique Billings,21.14,3
Kiana Williams,Phoenix Mercury,Jordan Horston,20.67,2
Kiana Williams,Phoenix Mercury,Raven Johnson,19.83,3
Kiana Williams,Phoenix Mercury,Lexie Hull,19.76,3
Kiana Williams,Phoenix Mercury,Stefanie Dolson,19.41,3
Kiana Williams,Phoenix Mercury,Valeriane Ayayi,18.85,14
Kiana Williams,Phoenix Mercury,Katie Lou Samuelson,17.37,3
Kiana Williams,Phoenix Mercury,Antonia Delaere,17.17,2
Kiana Williams,Phoenix Mercury,Jade Melbourne,16.61,3
Kiana Williams,Phoenix Mercury,Jovana Nogic,16.50,8
Kiana Williams,Phoenix Mercury,Myisha Hines-Allen,14.05,3
Kiana Williams,Phoenix Mercury,Sami Whitcomb,13.60,3
Kiana Williams,Phoenix Mercury,Anastasiia Olairi Kosu,13.03,2
Kiana Williams,Phoenix Mercury,Tyasha Harris,12.65,2
Kiana Williams,Phoenix Mercury,Maya Caldwell,12.38,2
Kiana Williams,Phoenix Mercury,Zia Cooke,12.20,3
Kiana Williams,Phoenix Mercury,Kyara Linskens,11.00,9
Kiana Williams,Phoenix Mercury,Kierstan Bell,10.78,2
Kiana Williams,Phoenix Mercury,Brianna Turner,9.83,2
Kiana Williams,Phoenix Mercury,Makayla Timpson,9.77,2
Kiana Williams,Phoenix Mercury,Marta Suarez,9.66,8
Kiana Williams,Phoenix Mercury,Cheyenne Parker-Tyus,9.08,2
Kiana Williams,Phoenix Mercury,Mackenzie Holmes,8.39,3
Kiana Williams,Phoenix Mercury,Quionche Carter,6.23,10
Kiana Williams,Phoenix Mercury,Shay Ciezki,4.73,2
Kiana Williams,Phoenix Mercury,Taylor Thierry,4.55,2
Kyara Linskens,Phoenix Mercury,Kelsey Mitchell,36.27,2
Kyara Linskens,Phoenix Mercury,Aliyah Boston,36.09,2
Kyara Linskens,Phoenix Mercury,Kelsey Plum,35.33,2
Kyara Linskens,Phoenix Mercury,Alyssa Thomas,34.48,9
Kyara Linskens,Phoenix Mercury,Nneka Ogwumike,33.73,2
Kyara Linskens,Phoenix Mercury,Kahleah Copper,31.99,9
Kyara Linskens,Phoenix Mercury,Dearica Hamby,28.98,2
Kyara Linskens,Phoenix Mercury,Ariel Atkins,27.67,2
Kyara Linskens,Phoenix Mercury,Erica Wheeler,27.49,2
Kyara Linskens,Phoenix Mercury,Natasha Mack,27.08,5
Kyara Linskens,Phoenix Mercury,DeWanna Bonner,26.72,9
Kyara Linskens,Phoenix Mercury,Monique Akoa Makani,26.32,7
Kyara Linskens,Phoenix Mercury,Sophie Cunningham,24.27,2
Kyara Linskens,Phoenix Mercury,Rae Burrell,24.17,2
Kyara Linskens,Phoenix Mercury,Noemie Brochant,22.35,9
Kyara Linskens,Phoenix Mercury,Lexie Hull,21.13,2
Kyara Linskens,Phoenix Mercury,Raven Johnson,20.73,2
Kyara Linskens,Phoenix Mercury,Cameron Brink,20.41,2
Kyara Linskens,Phoenix Mercury,Valeriane Ayayi,19.37,6
Kyara Linskens,Phoenix Mercury,Lexi Held,19.16,8
Kyara Linskens,Phoenix Mercury,Monique Billings,17.48,2
Kyara Linskens,Phoenix Mercury,Jovana Nogic,16.36,5
Kyara Linskens,Phoenix Mercury,Myisha Hines-Allen,13.98,2
Kyara Linskens,Phoenix Mercury,Sami Whitcomb,13.60,3
Kyara Linskens,Phoenix Mercury,Tyasha Harris,12.65,2
Kyara Linskens,Phoenix Mercury,Marta Suarez,9.24,5
Kyara Linskens,Phoenix Mercury,Jihyun Park,7.25,2
Kyara Linskens,Phoenix Mercury,Chance Gray,5.04,2
Kyara Linskens,Phoenix Mercury,Quionche Carter,3.16,5
Kyara Linskens,Phoenix Mercury,Kate Martin,2.43,2
Lexi Held,Phoenix Mercury,Kahleah Copper,33.89,8
Lexi Held,Phoenix Mercury,Alyssa Thomas,33.86,8
Lexi Held,Phoenix Mercury,Breanna Stewart,31.79,2
Lexi Held,Phoenix Mercury,Leonie Fiebich,31.18,2
Lexi Held,Phoenix Mercury,Jonquel Jones,30.67,2
Lexi Held,Phoenix Mercury,DeWanna Bonner,27.10,8
Lexi Held,Phoenix Mercury,Pauline Astier,26.85,2
Lexi Held,Phoenix Mercury,Natasha Mack,26.41,8
Lexi Held,Phoenix Mercury,Monique Akoa Makani,23.98,2
Lexi Held,Phoenix Mercury,Marine Johannes,21.86,2
Lexi Held,Phoenix Mercury,Jovana Nogic,21.66,8
Lexi Held,Phoenix Mercury,Noemie Brochant,17.88,8
Lexi Held,Phoenix Mercury,Rebekah Gardner,16.35,2
Lexi Held,Phoenix Mercury,Betnijah Laney-Hamilton,14.05,2
Lexi Held,Phoenix Mercury,Han Xu,13.80,2
Lexi Held,Phoenix Mercury,Kiana Williams,13.20,7
Lexi Held,Phoenix Mercury,Kyara Linskens,10.86,7
Lexi Held,Phoenix Mercury,Marta Suarez,9.63,2
Lexi Held,Phoenix Mercury,Valeriane Ayayi,9.55,5
Lexi Held,Phoenix Mercury,Rebecca Allen,7.64,2
Lexi Held,Phoenix Mercury,Quionche Carter,6.11,3
Lexi Held,Phoenix Mercury,Anneli Maley,3.04,2
Monique Akoa Makani,Phoenix Mercury,Maria Conde,35.26,2
Monique Akoa Makani,Phoenix Mercury,Kelsey Mitchell,34.83,2
Monique Akoa Makani,Phoenix Mercury,Alyssa Thomas,33.75,10
Monique Akoa Makani,Phoenix Mercury,Kahleah Copper,32.47,11
Monique Akoa Makani,Phoenix Mercury,Aliyah Boston,32.02,2
Monique Akoa Makani,Phoenix Mercury,DeWanna Bonner,28.82,11
Monique Akoa Makani,Phoenix Mercury,Jovana Nogic,25.22,7
Monique Akoa Makani,Phoenix Mercury,Caitlin Clark,24.39,2
Monique Akoa Makani,Phoenix Mercury,Natasha Mack,24.21,9
Monique Akoa Makani,Phoenix Mercury,Monique Billings,24.19,2
Monique Akoa Makani,Phoenix Mercury,Sophie Cunningham,23.18,2
Monique Akoa Makani,Phoenix Mercury,Lexi Held,23.13,5
Monique Akoa Makani,Phoenix Mercury,Noemie Brochant,22.42,11
Monique Akoa Makani,Phoenix Mercury,Lexie Hull,20.75,2
Monique Akoa Makani,Phoenix Mercury,Raven Johnson,18.39,2
Monique Akoa Makani,Phoenix Mercury,Valeriane Ayayi,18.10,8
Monique Akoa Makani,Phoenix Mercury,Myisha Hines-Allen,17.76,2
Monique Akoa Makani,Phoenix Mercury,Kia Nurse,17.12,2
Monique Akoa Makani,Phoenix Mercury,Laura Juskaite,16.94,2
Monique Akoa Makani,Phoenix Mercury,Kiana Williams,13.97,7
Monique Akoa Makani,Phoenix Mercury,Marta Suarez,11.03,4
Monique Akoa Makani,Phoenix Mercury,Kyara Linskens,10.61,9
Monique Akoa Makani,Phoenix Mercury,Quionche Carter,5.23,7
Monique Akoa Makani,Phoenix Mercury,Shay Ciezki,4.73,2
Monique Akoa Makani,Phoenix Mercury,Anneli Maley,3.04,2
Natasha Mack,Phoenix Mercury,Kelsey Mitchell,36.27,2
Natasha Mack,Phoenix Mercury,Aliyah Boston,36.09,2
Natasha Mack,Phoenix Mercury,Alyssa Thomas,33.32,6
Natasha Mack,Phoenix Mercury,Kahleah Copper,32.64,7
Natasha Mack,Phoenix Mercury,DeWanna Bonner,30.12,7
Natasha Mack,Phoenix Mercury,Valeriane Ayayi,26.96,7
Natasha Mack,Phoenix Mercury,Sophie Cunningham,24.27,2
Natasha Mack,Phoenix Mercury,Lexi Held,23.05,7
Natasha Mack,Phoenix Mercury,Noemie Brochant,22.41,6
Natasha Mack,Phoenix Mercury,Monique Akoa Makani,21.60,5
Natasha Mack,Phoenix Mercury,Lexie Hull,21.13,2
Natasha Mack,Phoenix Mercury,Raven Johnson,20.73,2
Natasha Mack,Phoenix Mercury,Monique Billings,17.48,2
Natasha Mack,Phoenix Mercury,Myisha Hines-Allen,13.98,2
Natasha Mack,Phoenix Mercury,Sami Whitcomb,13.60,3
Natasha Mack,Phoenix Mercury,Tyasha Harris,12.65,2
Natasha Mack,Phoenix Mercury,Kyara Linskens,9.61,3
Natasha Mack,Phoenix Mercury,Marta Suarez,9.52,7
Natasha Mack,Phoenix Mercury,Quionche Carter,8.07,3
Valeriane Ayayi,Phoenix Mercury,Veronica Burton,34.73,2
Valeriane Ayayi,Phoenix Mercury,Alyssa Thomas,34.16,6
Valeriane Ayayi,Phoenix Mercury,Kayla Thornton,32.57,2
Valeriane Ayayi,Phoenix Mercury,Kahleah Copper,31.19,6
Valeriane Ayayi,Phoenix Mercury,Gabby Williams,31.05,2
Valeriane Ayayi,Phoenix Mercury,Monique Akoa Makani,26.61,3
Valeriane Ayayi,Phoenix Mercury,Kaila Charles,26.37,2
Valeriane Ayayi,Phoenix Mercury,Janelle Salaun,25.73,2
Valeriane Ayayi,Phoenix Mercury,Natasha Mack,25.31,6
Valeriane Ayayi,Phoenix Mercury,DeWanna Bonner,24.89,6
Valeriane Ayayi,Phoenix Mercury,Noemie Brochant,23.09,6
Valeriane Ayayi,Phoenix Mercury,Lexi Held,22.35,3
Valeriane Ayayi,Phoenix Mercury,Jovana Nogic,18.23,6
Valeriane Ayayi,Phoenix Mercury,Kiana Williams,17.34,3
Valeriane Ayayi,Phoenix Mercury,Kiah Stokes,16.40,2
Valeriane Ayayi,Phoenix Mercury,Kyara Linskens,10.37,3
Valeriane Ayayi,Phoenix Mercury,Quionche Carter,6.32,5
Valeriane Ayayi,Phoenix Mercury,Kaitlyn Chen,5.97,2
Valeriane Ayayi,Phoenix Mercury,Anneli Maley,3.04,2
Carla Leite,Portland Fire,Bridget Carleton,29.19,2
Carla Leite,Portland Fire,Nyadiew Puoch,25.88,2
Carla Leite,Portland Fire,Emily Engstler,23.42,2
Carla Leite,Portland Fire,Luisa Geiselsoder,23.23,2
Carla Leite,Portland Fire,Sug Sutton,22.15,2
Carla Leite,Portland Fire,Sarah Ashlee Barker,21.18,2
Carla Leite,Portland Fire,Haley Jones,13.23,2
Carla Leite,Portland Fire,Megan Gustafson,10.93,2
Carla Leite,Portland Fire,Serah Williams,8.23,2
Frieda Buhner,Portland Fire,Bridget Carleton,29.45,3
Frieda Buhner,Portland Fire,Emily Engstler,25.52,3
Frieda Buhner,Portland Fire,Sug Sutton,24.37,2
Frieda Buhner,Portland Fire,Luisa Geiselsoder,22.88,3
Frieda Buhner,Portland Fire,Nyadiew Puoch,20.47,3
Frieda Buhner,Portland Fire,Sarah Ashlee Barker,19.44,3
Frieda Buhner,Portland Fire,Carla Leite,17.98,2
Frieda Buhner,Portland Fire,Megan Gustafson,14.57,3
Frieda Buhner,Portland Fire,Serah Williams,13.41,3
Frieda Buhner,Portland Fire,Haley Jones,12.33,2
Frieda Buhner,Portland Fire,Holly Winterburn,11.32,2
Haley Jones,Portland Fire,Naz Hillmon,36.19,2
Haley Jones,Portland Fire,Chelsea Gray,35.44,2
Haley Jones,Portland Fire,Natisha Hiedeman,33.53,2
Haley Jones,Portland Fire,Jackie Young,33.03,2
Haley Jones,Portland Fire,A'ja Wilson,32.96,2
Haley Jones,Portland Fire,Rhyne Howard,32.39,2
Haley Jones,Portland Fire,Awa Fam,31.78,2
Haley Jones,Portland Fire,Jordin Canada,31.07,2
Haley Jones,Portland Fire,Bridget Carleton,30.79,18
Haley Jones,Portland Fire,Allisha Gray,30.47,2
Haley Jones,Portland Fire,Charlisse Leger-Walker,30.38,2
Haley Jones,Portland Fire,Azura Stevens,27.63,2
Haley Jones,Portland Fire,Jewell Loyd,26.93,2
Haley Jones,Portland Fire,NaLyssa Smith,26.88,2
Haley Jones,Portland Fire,Dominique Malonga,26.57,2
Haley Jones,Portland Fire,Sarah Ashlee Barker,26.51,18
Haley Jones,Portland Fire,Flau'jae Johnson,26.45,2
Haley Jones,Portland Fire,Diamond Miller,26.08,2
Haley Jones,Portland Fire,Carla Leite,26.02,19
Haley Jones,Portland Fire,Kamilla Cardoso,25.38,2
Haley Jones,Portland Fire,Megan Gustafson,25.29,19
Haley Jones,Portland Fire,Jade Melbourne,24.19,2
Haley Jones,Portland Fire,Emily Engstler,24.15,19
Haley Jones,Portland Fire,Skylar Diggins,23.81,2
Haley Jones,Portland Fire,Gabriela Jaquez,23.64,2
Haley Jones,Portland Fire,Olivia Nelson-Ododa,23.40,2
Haley Jones,Portland Fire,Sydney Taylor,22.20,2
Haley Jones,Portland Fire,Stephanie Talbot,20.24,2
Haley Jones,Portland Fire,Zia Cooke,19.61,2
Haley Jones,Portland Fire,Natasha Cloud,19.41,2
Haley Jones,Portland Fire,Jacy Sheldon,18.73,2
Haley Jones,Portland Fire,Kennedy Burke,15.95,2
Haley Jones,Portland Fire,Elizabeth Williams,15.92,2
Haley Jones,Portland Fire,Nyadiew Puoch,15.66,18
Haley Jones,Portland Fire,Luisa Geiselsoder,15.33,13
Haley Jones,Portland Fire,Frieda Buhner,14.89,18
Haley Jones,Portland Fire,Madina Okot,14.60,2
Haley Jones,Portland Fire,Katie Lou Samuelson,14.48,2
Haley Jones,Portland Fire,Aaliyah Edwards,14.45,2
Haley Jones,Portland Fire,Lexi Held,14.00,2
Haley Jones,Portland Fire,Isobel Borlase,13.95,2
Haley Jones,Portland Fire,Karlie Samuelson,13.73,13
Haley Jones,Portland Fire,Teja Oblak,13.32,18
Haley Jones,Portland Fire,Sika Kone,11.29,2
Haley Jones,Portland Fire,Serah Williams,10.81,16
Haley Jones,Portland Fire,Jordan Harrison,10.28,2
Haley Jones,Portland Fire,Te-Hina Paopao,10.21,2
Haley Jones,Portland Fire,Raegan Beers,10.03,2
Haley Jones,Portland Fire,Stefanie Dolson,9.29,2
Haley Jones,Portland Fire,Rachel Banham,8.74,2
Haley Jones,Portland Fire,Brianna Turner,8.13,2
Haley Jones,Portland Fire,Holly Winterburn,7.39,10
Haley Jones,Portland Fire,Nell Angloma,7.27,2
Haley Jones,Portland Fire,Cheyenne Parker-Tyus,6.58,2
Haley Jones,Portland Fire,Indya Nivar,2.36,2
Haley Jones,Portland Fire,Aaliyah Nye,1.60,2
Karlie Samuelson,Portland Fire,Breanna Stewart,33.13,2
Karlie Samuelson,Portland Fire,Bridget Carleton,31.26,11
Karlie Samuelson,Portland Fire,Kelsey Mitchell,30.67,2
Karlie Samuelson,Portland Fire,Marine Johannes,30.65,2
Karlie Samuelson,Portland Fire,Jonquel Jones,30.42,2
Karlie Samuelson,Portland Fire,Gabriela Jaquez,28.06,2
Karlie Samuelson,Portland Fire,Skylar Diggins,27.75,2
Karlie Samuelson,Portland Fire,Pauline Astier,26.04,2
Karlie Samuelson,Portland Fire,Sarah Ashlee Barker,25.63,11
Karlie Samuelson,Portland Fire,Carla Leite,25.45,9
Karlie Samuelson,Portland Fire,Jacy Sheldon,24.73,2
Karlie Samuelson,Portland Fire,Kamilla Cardoso,24.20,2
Karlie Samuelson,Portland Fire,Emily Engstler,23.96,11
Karlie Samuelson,Portland Fire,Aliyah Boston,23.46,2
Karlie Samuelson,Portland Fire,Sug Sutton,22.82,3
Karlie Samuelson,Portland Fire,Makayla Timpson,22.13,2
Karlie Samuelson,Portland Fire,Megan Gustafson,21.50,11
Karlie Samuelson,Portland Fire,Rebekah Gardner,21.11,2
Karlie Samuelson,Portland Fire,Sophie Cunningham,20.83,2
Karlie Samuelson,Portland Fire,Betnijah Laney-Hamilton,20.80,2
Karlie Samuelson,Portland Fire,Tyasha Harris,20.72,2
Karlie Samuelson,Portland Fire,Luisa Geiselsoder,20.58,8
Karlie Samuelson,Portland Fire,Nyadiew Puoch,20.00,11
Karlie Samuelson,Portland Fire,Lexie Hull,18.69,2
Karlie Samuelson,Portland Fire,Myisha Hines-Allen,18.03,2
Karlie Samuelson,Portland Fire,Elizabeth Williams,17.09,2
Karlie Samuelson,Portland Fire,Raven Johnson,15.96,2
Karlie Samuelson,Portland Fire,Frieda Buhner,15.91,9
Karlie Samuelson,Portland Fire,Kamiah Smalls,15.09,2
Karlie Samuelson,Portland Fire,Julie Vanloo,14.94,2
Karlie Samuelson,Portland Fire,Monique Billings,14.26,2
Karlie Samuelson,Portland Fire,Sydney Taylor,13.65,2
Karlie Samuelson,Portland Fire,Rachel Banham,13.43,2
Karlie Samuelson,Portland Fire,Teja Oblak,13.16,6
Karlie Samuelson,Portland Fire,Serah Williams,11.68,9
Karlie Samuelson,Portland Fire,Haley Jones,11.32,5
Karlie Samuelson,Portland Fire,Jordan Harrison,10.68,3
Karlie Samuelson,Portland Fire,Holly Winterburn,6.56,7
Karlie Samuelson,Portland Fire,Han Xu,6.42,2
Karlie Samuelson,Portland Fire,Aubrey Griffin,1.15,2
Luisa Geiselsoder,Portland Fire,Bridget Carleton,34.14,6
Luisa Geiselsoder,Portland Fire,Natisha Hiedeman,33.53,2
Luisa Geiselsoder,Portland Fire,Awa Fam,31.78,2
Luisa Geiselsoder,Portland Fire,Megan Gustafson,31.33,6
Luisa Geiselsoder,Portland Fire,Sarah Ashlee Barker,30.19,5
Luisa Geiselsoder,Portland Fire,Carla Leite,30.02,6
Luisa Geiselsoder,Portland Fire,Dominique Malonga,26.57,2
Luisa Geiselsoder,Portland Fire,Flau'jae Johnson,26.45,2
Luisa Geiselsoder,Portland Fire,Emily Engstler,26.41,6
Luisa Geiselsoder,Portland Fire,Jade Melbourne,24.19,2
Luisa Geiselsoder,Portland Fire,Zia Cooke,19.61,2
Luisa Geiselsoder,Portland Fire,Frieda Buhner,16.63,6
Luisa Geiselsoder,Portland Fire,Nyadiew Puoch,15.35,6
Luisa Geiselsoder,Portland Fire,Katie Lou Samuelson,14.48,2
Luisa Geiselsoder,Portland Fire,Karlie Samuelson,13.64,3
Luisa Geiselsoder,Portland Fire,Serah Williams,12.00,6
Luisa Geiselsoder,Portland Fire,Teja Oblak,11.30,6
Luisa Geiselsoder,Portland Fire,Jordan Harrison,10.28,2
Luisa Geiselsoder,Portland Fire,Stefanie Dolson,9.29,2
Luisa Geiselsoder,Portland Fire,Holly Winterburn,8.16,3
Serah Williams,Portland Fire,Bridget Carleton,29.54,4
Serah Williams,Portland Fire,Sarah Ashlee Barker,26.73,4
Serah Williams,Portland Fire,Carla Leite,25.45,4
Serah Williams,Portland Fire,Emily Engstler,23.69,4
Serah Williams,Portland Fire,Megan Gustafson,22.55,4
Serah Williams,Portland Fire,Luisa Geiselsoder,17.45,4
Serah Williams,Portland Fire,Nyadiew Puoch,16.45,4
Serah Williams,Portland Fire,Karlie Samuelson,15.33,2
Serah Williams,Portland Fire,Teja Oblak,14.22,3
Serah Williams,Portland Fire,Frieda Buhner,12.94,4
Teja Oblak,Portland Fire,Breanna Stewart,33.13,2
Teja Oblak,Portland Fire,Marine Johannes,30.65,2
Teja Oblak,Portland Fire,Jonquel Jones,30.42,2
Teja Oblak,Portland Fire,Bridget Carleton,29.37,5
Teja Oblak,Portland Fire,Pauline Astier,26.04,2
Teja Oblak,Portland Fire,Luisa Geiselsoder,23.46,6
Teja Oblak,Portland Fire,Carla Leite,23.03,4
Teja Oblak,Portland Fire,Sug Sutton,22.82,3
Teja Oblak,Portland Fire,Emily Engstler,22.21,6
Teja Oblak,Portland Fire,Nyadiew Puoch,21.36,6
Teja Oblak,Portland Fire,Sarah Ashlee Barker,21.26,6
Teja Oblak,Portland Fire,Rebekah Gardner,21.11,2
Teja Oblak,Portland Fire,Betnijah Laney-Hamilton,20.80,2
Teja Oblak,Portland Fire,Holly Winterburn,16.77,3
Teja Oblak,Portland Fire,Kamiah Smalls,15.09,2
Teja Oblak,Portland Fire,Julie Vanloo,14.94,2
Teja Oblak,Portland Fire,Megan Gustafson,14.37,6
Teja Oblak,Portland Fire,Serah Williams,12.19,5
Teja Oblak,Portland Fire,Frieda Buhner,12.03,4
Teja Oblak,Portland Fire,Haley Jones,11.32,5
Teja Oblak,Portland Fire,Han Xu,6.42,2
Teja Oblak,Portland Fire,Aubrey Griffin,1.15,2
Awa Fam,Seattle Storm,Kennedy Burke,27.03,3
Awa Fam,Seattle Storm,Dominique Malonga,26.62,3
Awa Fam,Seattle Storm,Flau'jae Johnson,26.53,6
Awa Fam,Seattle Storm,Natisha Hiedeman,26.40,6
Awa Fam,Seattle Storm,Charlisse Leger-Walker,26.12,3
Awa Fam,Seattle Storm,Aaliyah Edwards,25.48,2
Awa Fam,Seattle Storm,Stefanie Dolson,25.47,6
Awa Fam,Seattle Storm,Jade Melbourne,24.71,6
Awa Fam,Seattle Storm,Diamond Miller,21.71,3
Awa Fam,Seattle Storm,Nell Angloma,21.58,2
Awa Fam,Seattle Storm,Raegan Beers,20.83,2
Awa Fam,Seattle Storm,Zia Cooke,19.49,6
Awa Fam,Seattle Storm,Aneesah Morrow,18.53,3
Awa Fam,Seattle Storm,Lexie Brown,18.38,6
Awa Fam,Seattle Storm,Saniya Rivers,17.99,3
Awa Fam,Seattle Storm,Jordan Horston,17.04,6
Awa Fam,Seattle Storm,Mackenzie Holmes,15.48,6
Awa Fam,Seattle Storm,Hailey Van Lith,14.07,3
Awa Fam,Seattle Storm,Ashlon Jackson,12.37,2
Awa Fam,Seattle Storm,Grace Vanslooten,11.90,4
Awa Fam,Seattle Storm,Gianna Kneepkens,7.71,3
Awa Fam,Seattle Storm,Taylor Thierry,6.83,2
Dominique Malonga,Seattle Storm,Sonia Citron,31.05,2
Dominique Malonga,Seattle Storm,Charlisse Leger-Walker,28.99,2
Dominique Malonga,Seattle Storm,Shakira Austin,28.70,2
Dominique Malonga,Seattle Storm,Natisha Hiedeman,27.78,8
Dominique Malonga,Seattle Storm,Georgia Amoore,26.28,2
Dominique Malonga,Seattle Storm,Flau'jae Johnson,25.82,8
Dominique Malonga,Seattle Storm,Aaliyah Edwards,25.48,2
Dominique Malonga,Seattle Storm,Awa Fam,25.10,5
Dominique Malonga,Seattle Storm,Kiki Iriafen,25.06,2
Dominique Malonga,Seattle Storm,Stefanie Dolson,24.51,8
Dominique Malonga,Seattle Storm,Jade Melbourne,23.99,8
Dominique Malonga,Seattle Storm,Kennedy Burke,23.76,2
Dominique Malonga,Seattle Storm,Nell Angloma,21.58,2
Dominique Malonga,Seattle Storm,Raegan Beers,20.83,2
Dominique Malonga,Seattle Storm,Jordan Horston,20.19,8
Dominique Malonga,Seattle Storm,Michaela Onyenwere,19.78,2
Dominique Malonga,Seattle Storm,Diamond Miller,19.21,2
Dominique Malonga,Seattle Storm,Zia Cooke,17.77,8
Dominique Malonga,Seattle Storm,Saniya Rivers,17.12,2
Dominique Malonga,Seattle Storm,Mackenzie Holmes,17.01,8
Dominique Malonga,Seattle Storm,Cassandre Prosper,16.36,2
Dominique Malonga,Seattle Storm,Katie Lou Samuelson,15.87,5
Dominique Malonga,Seattle Storm,Angela Dugalic,14.02,2
Dominique Malonga,Seattle Storm,Lexie Brown,12.67,7
Dominique Malonga,Seattle Storm,Ashlon Jackson,12.37,2
Dominique Malonga,Seattle Storm,Lauren Betts,12.23,2
Dominique Malonga,Seattle Storm,Aneesah Morrow,12.10,2
Dominique Malonga,Seattle Storm,Cotie McMahon,11.58,2
Dominique Malonga,Seattle Storm,Hailey Van Lith,10.99,2
Dominique Malonga,Seattle Storm,Gianna Kneepkens,7.58,2
Dominique Malonga,Seattle Storm,Taylor Thierry,6.83,2
Jordan Horston,Seattle Storm,Natisha Hiedeman,32.47,5
Jordan Horston,Seattle Storm,Flau'jae Johnson,32.24,5
Jordan Horston,Seattle Storm,Awa Fam,31.91,5
Jordan Horston,Seattle Storm,Dominique Malonga,31.50,5
Jordan Horston,Seattle Storm,Jade Melbourne,24.18,4
Jordan Horston,Seattle Storm,Zia Cooke,18.53,5
Jordan Horston,Seattle Storm,Katie Lou Samuelson,17.85,5
Jordan Horston,Seattle Storm,Stefanie Dolson,13.93,5
Jordan Horston,Seattle Storm,Taylor Thierry,4.54,4
Jordan Horston,Seattle Storm,Mackenzie Holmes,3.26,3
Katie Lou Samuelson,Seattle Storm,Kennedy Burke,27.03,3
Katie Lou Samuelson,Seattle Storm,Dominique Malonga,26.62,3
Katie Lou Samuelson,Seattle Storm,Flau'jae Johnson,26.53,6
Katie Lou Samuelson,Seattle Storm,Natisha Hiedeman,26.40,6
Katie Lou Samuelson,Seattle Storm,Charlisse Leger-Walker,26.12,3
Katie Lou Samuelson,Seattle Storm,Aaliyah Edwards,25.48,2
Katie Lou Samuelson,Seattle Storm,Stefanie Dolson,25.47,6
Katie Lou Samuelson,Seattle Storm,Jade Melbourne,24.71,6
Katie Lou Samuelson,Seattle Storm,Diamond Miller,21.71,3
Katie Lou Samuelson,Seattle Storm,Nell Angloma,21.58,2
Katie Lou Samuelson,Seattle Storm,Raegan Beers,20.83,2
Katie Lou Samuelson,Seattle Storm,Zia Cooke,19.49,6
Katie Lou Samuelson,Seattle Storm,Aneesah Morrow,18.53,3
Katie Lou Samuelson,Seattle Storm,Lexie Brown,18.38,6
Katie Lou Samuelson,Seattle Storm,Saniya Rivers,17.99,3
Katie Lou Samuelson,Seattle Storm,Jordan Horston,17.04,6
Katie Lou Samuelson,Seattle Storm,Mackenzie Holmes,15.48,6
Katie Lou Samuelson,Seattle Storm,Hailey Van Lith,14.07,3
Katie Lou Samuelson,Seattle Storm,Ashlon Jackson,12.37,2
Katie Lou Samuelson,Seattle Storm,Grace Vanslooten,11.90,4
Katie Lou Samuelson,Seattle Storm,Gianna Kneepkens,7.71,3
Katie Lou Samuelson,Seattle Storm,Taylor Thierry,6.83,2
Lexie Brown,Seattle Storm,Rhyne Howard,36.09,2
Lexie Brown,Seattle Storm,Jordin Canada,35.02,2
Lexie Brown,Seattle Storm,Allisha Gray,33.90,2
Lexie Brown,Seattle Storm,Kahleah Copper,32.56,3
Lexie Brown,Seattle Storm,Alyssa Thomas,31.84,3
Lexie Brown,Seattle Storm,Awa Fam,30.98,16
Lexie Brown,Seattle Storm,Natisha Hiedeman,30.79,16
Lexie Brown,Seattle Storm,Nneka Ogwumike,30.73,2
Lexie Brown,Seattle Storm,Angel Reese,30.68,2
Lexie Brown,Seattle Storm,Flau'jae Johnson,29.86,16
Lexie Brown,Seattle Storm,Bridget Carleton,29.69,2
Lexie Brown,Seattle Storm,Dearica Hamby,28.74,2
Lexie Brown,Seattle Storm,Noemie Brochant,27.65,2
Lexie Brown,Seattle Storm,Megan Gustafson,27.59,2
Lexie Brown,Seattle Storm,DeWanna Bonner,26.32,3
Lexie Brown,Seattle Storm,Rae Burrell,25.91,2
Lexie Brown,Seattle Storm,Sarah Ashlee Barker,25.80,2
Lexie Brown,Seattle Storm,Carla Leite,25.66,2
Lexie Brown,Seattle Storm,Dominique Malonga,25.32,15
Lexie Brown,Seattle Storm,Erica Wheeler,24.84,2
Lexie Brown,Seattle Storm,Lexi Held,24.64,3
Lexie Brown,Seattle Storm,Natasha Mack,24.33,2
Lexie Brown,Seattle Storm,Emily Engstler,24.23,2
Lexie Brown,Seattle Storm,Ariel Atkins,23.45,2
Lexie Brown,Seattle Storm,Jade Melbourne,22.89,15
Lexie Brown,Seattle Storm,Monique Akoa Makani,21.20,2
Lexie Brown,Seattle Storm,Jordan Horston,17.62,11
Lexie Brown,Seattle Storm,Valeriane Ayayi,17.62,3
Lexie Brown,Seattle Storm,Katie Lou Samuelson,15.71,16
Lexie Brown,Seattle Storm,Frieda Buhner,15.56,2
Lexie Brown,Seattle Storm,Stefanie Dolson,14.09,16
Lexie Brown,Seattle Storm,Te-Hina Paopao,13.94,2
Lexie Brown,Seattle Storm,Ezi Magbegor,13.40,4
Lexie Brown,Seattle Storm,Teja Oblak,13.33,2
Lexie Brown,Seattle Storm,Nyadiew Puoch,12.88,2
Lexie Brown,Seattle Storm,Zia Cooke,12.77,16
Lexie Brown,Seattle Storm,Serah Williams,12.42,2
Lexie Brown,Seattle Storm,Sika Kone,12.36,2
Lexie Brown,Seattle Storm,Isobel Borlase,11.76,2
Lexie Brown,Seattle Storm,Chance Gray,10.51,2
Lexie Brown,Seattle Storm,Madina Okot,10.29,2
Lexie Brown,Seattle Storm,Kyara Linskens,9.84,2
Lexie Brown,Seattle Storm,Quionche Carter,7.52,2
Lexie Brown,Seattle Storm,Mackenzie Holmes,6.60,11
Lexie Brown,Seattle Storm,Jihyun Park,6.15,2
Lexie Brown,Seattle Storm,Taina Mair,5.02,2
Lexie Brown,Seattle Storm,Taylor Thierry,3.52,7
Mackenzie Holmes,Seattle Storm,Natisha Hiedeman,33.86,5
Mackenzie Holmes,Seattle Storm,Awa Fam,33.33,5
Mackenzie Holmes,Seattle Storm,Flau'jae Johnson,32.65,5
Mackenzie Holmes,Seattle Storm,Dominique Malonga,29.79,5
Mackenzie Holmes,Seattle Storm,Jade Melbourne,23.44,4
Mackenzie Holmes,Seattle Storm,Katie Lou Samuelson,16.81,5
Mackenzie Holmes,Seattle Storm,Zia Cooke,15.19,5
Mackenzie Holmes,Seattle Storm,Stefanie Dolson,11.43,5
Mackenzie Holmes,Seattle Storm,Jordan Horston,11.02,3
Mackenzie Holmes,Seattle Storm,Ezi Magbegor,10.95,2
Brittney Sykes,Toronto Tempo,Jessica Shepard,36.07,2
Brittney Sykes,Toronto Tempo,Paige Bueckers,34.17,2
Brittney Sykes,Toronto Tempo,Julie Allemand,33.43,8
Brittney Sykes,Toronto Tempo,Azzi Fudd,33.19,2
Brittney Sykes,Toronto Tempo,Marina Mabrey,31.76,8
Brittney Sykes,Toronto Tempo,Maria Conde,31.64,9
Brittney Sykes,Toronto Tempo,Arike Ogunbowale,28.39,2
Brittney Sykes,Toronto Tempo,Isabelle Harrison,26.45,9
Brittney Sykes,Toronto Tempo,Laura Juskaite,24.01,9
Brittney Sykes,Toronto Tempo,Nyara Sabally,21.74,7
Brittney Sykes,Toronto Tempo,Temi Fagbenle,21.02,4
Brittney Sykes,Toronto Tempo,Awak Kuier,16.34,2
Brittney Sykes,Toronto Tempo,Kia Nurse,13.42,9
Brittney Sykes,Toronto Tempo,Tima Pouye,12.47,9
Brittney Sykes,Toronto Tempo,Alysha Clark,11.53,2
Brittney Sykes,Toronto Tempo,Kayla Alexander,11.49,2
Brittney Sykes,Toronto Tempo,Alanna Smith,11.07,2
Brittney Sykes,Toronto Tempo,Odyssey Sims,10.17,2
Brittney Sykes,Toronto Tempo,Aziaha James,6.97,2
Brittney Sykes,Toronto Tempo,Maddy Siegrist,5.58,2
Brittney Sykes,Toronto Tempo,Teonni Key,5.28,7
Brittney Sykes,Toronto Tempo,Ornella Bankole,5.22,2
Isabelle Harrison,Toronto Tempo,Kelsey Plum,34.52,2
Isabelle Harrison,Toronto Tempo,Brittney Sykes,32.05,10
Isabelle Harrison,Toronto Tempo,Dearica Hamby,31.40,2
Isabelle Harrison,Toronto Tempo,Erica Wheeler,31.38,2
Isabelle Harrison,Toronto Tempo,Nneka Ogwumike,31.18,2
Isabelle Harrison,Toronto Tempo,Jade Melbourne,27.62,2
Isabelle Harrison,Toronto Tempo,Marina Mabrey,26.88,10
Isabelle Harrison,Toronto Tempo,Kiki Rice,26.67,10
Isabelle Harrison,Toronto Tempo,Rae Burrell,26.63,2
Isabelle Harrison,Toronto Tempo,Flau'jae Johnson,26.35,2
Isabelle Harrison,Toronto Tempo,Nyara Sabally,25.65,8
Isabelle Harrison,Toronto Tempo,Julie Allemand,23.97,5
Isabelle Harrison,Toronto Tempo,Maria Conde,23.06,10
Isabelle Harrison,Toronto Tempo,Natisha Hiedeman,22.78,2
Isabelle Harrison,Toronto Tempo,Stefanie Dolson,22.45,2
Isabelle Harrison,Toronto Tempo,Laura Juskaite,20.50,10
Isabelle Harrison,Toronto Tempo,Jordan Horston,20.08,2
Isabelle Harrison,Toronto Tempo,Cameron Brink,17.43,2
Isabelle Harrison,Toronto Tempo,Lexie Brown,14.69,2
Isabelle Harrison,Toronto Tempo,Zia Cooke,13.60,2
Isabelle Harrison,Toronto Tempo,Kate Martin,12.22,2
Isabelle Harrison,Toronto Tempo,Teonni Key,11.22,10
Isabelle Harrison,Toronto Tempo,Kia Nurse,11.13,10
Isabelle Harrison,Toronto Tempo,Chance Gray,10.37,2
Isabelle Harrison,Toronto Tempo,Mackenzie Holmes,10.21,2
Isabelle Harrison,Toronto Tempo,Nikolina Milic,9.01,7
Isabelle Harrison,Toronto Tempo,Lexi Held,7.49,8
Isabelle Harrison,Toronto Tempo,Mariella Fasoula,5.11,3
Isabelle Harrison,Toronto Tempo,Tima Pouye,3.04,2
Julie Allemand,Toronto Tempo,Brittney Sykes,32.42,5
Julie Allemand,Toronto Tempo,Kiki Rice,31.25,5
Julie Allemand,Toronto Tempo,Marina Mabrey,27.47,6
Julie Allemand,Toronto Tempo,Nyara Sabally,25.17,4
Julie Allemand,Toronto Tempo,Maria Conde,24.99,6
Julie Allemand,Toronto Tempo,Laura Juskaite,22.71,6
Julie Allemand,Toronto Tempo,Kia Nurse,15.28,6
Julie Allemand,Toronto Tempo,Teonni Key,13.01,6
Julie Allemand,Toronto Tempo,Lexi Held,10.11,5
Julie Allemand,Toronto Tempo,Nikolina Milic,10.07,4
Julie Allemand,Toronto Tempo,Mariella Fasoula,6.99,2
Kiki Rice,Toronto Tempo,Jessica Shepard,36.07,2
Kiki Rice,Toronto Tempo,Rhyne Howard,34.79,2
Kiki Rice,Toronto Tempo,Paige Bueckers,34.17,2
Kiki Rice,Toronto Tempo,Allisha Gray,33.98,2
Kiki Rice,Toronto Tempo,Azzi Fudd,33.19,2
Kiki Rice,Toronto Tempo,Sonia Citron,32.68,2
Kiki Rice,Toronto Tempo,Leila Lacan,31.58,2
Kiki Rice,Toronto Tempo,Brittney Sykes,31.23,5
Kiki Rice,Toronto Tempo,Marina Mabrey,31.11,13
Kiki Rice,Toronto Tempo,Julie Allemand,30.84,13
Kiki Rice,Toronto Tempo,Shakira Austin,30.07,2
Kiki Rice,Toronto Tempo,Maria Conde,28.68,14
Kiki Rice,Toronto Tempo,Arike Ogunbowale,28.39,2
Kiki Rice,Toronto Tempo,Jordin Canada,28.28,2
Kiki Rice,Toronto Tempo,Angel Reese,28.01,2
Kiki Rice,Toronto Tempo,Kennedy Burke,27.97,2
Kiki Rice,Toronto Tempo,Saniya Rivers,27.81,2
Kiki Rice,Toronto Tempo,Naz Hillmon,27.53,2
Kiki Rice,Toronto Tempo,Michaela Onyenwere,26.11,2
Kiki Rice,Toronto Tempo,Diamond Miller,25.51,2
Kiki Rice,Toronto Tempo,Aaliyah Edwards,25.13,2
Kiki Rice,Toronto Tempo,Laura Juskaite,24.90,14
Kiki Rice,Toronto Tempo,Isabelle Harrison,24.44,14
Kiki Rice,Toronto Tempo,Georgia Amoore,23.84,2
Kiki Rice,Toronto Tempo,Nyara Sabally,22.98,9
Kiki Rice,Toronto Tempo,Olivia Nelson-Ododa,22.93,2
Kiki Rice,Toronto Tempo,Lauren Betts,20.19,2
Kiki Rice,Toronto Tempo,Cotie McMahon,19.81,2
Kiki Rice,Toronto Tempo,Isobel Borlase,19.28,2
Kiki Rice,Toronto Tempo,Charlisse Leger-Walker,18.30,2
Kiki Rice,Toronto Tempo,Temi Fagbenle,18.19,7
Kiki Rice,Toronto Tempo,Awak Kuier,16.34,2
Kiki Rice,Toronto Tempo,Alicia Florez,13.78,2
Kiki Rice,Toronto Tempo,Te-Hina Paopao,12.95,2
Kiki Rice,Toronto Tempo,Madina Okot,11.72,2
Kiki Rice,Toronto Tempo,Alysha Clark,11.53,2
Kiki Rice,Toronto Tempo,Kayla Alexander,11.49,2
Kiki Rice,Toronto Tempo,Kia Nurse,11.25,14
Kiki Rice,Toronto Tempo,Tima Pouye,11.22,14
Kiki Rice,Toronto Tempo,Alanna Smith,11.07,2
Kiki Rice,Toronto Tempo,Angela Dugalic,10.72,2
Kiki Rice,Toronto Tempo,Odyssey Sims,10.17,2
Kiki Rice,Toronto Tempo,Teonni Key,7.44,12
Kiki Rice,Toronto Tempo,Nell Angloma,7.08,2
Kiki Rice,Toronto Tempo,Aziaha James,6.97,2
Kiki Rice,Toronto Tempo,Cassandre Prosper,5.73,2
Kiki Rice,Toronto Tempo,Maddy Siegrist,5.58,2
Kiki Rice,Toronto Tempo,Ornella Bankole,5.22,2
Kiki Rice,Toronto Tempo,Sika Kone,1.64,2
Kiki Rice,Toronto Tempo,Indya Nivar,1.18,2
Nyara Sabally,Toronto Tempo,Kiki Rice,28.45,2
Nyara Sabally,Toronto Tempo,Marina Mabrey,28.17,7
Nyara Sabally,Toronto Tempo,Brittney Sykes,28.02,5
Nyara Sabally,Toronto Tempo,Julie Allemand,27.82,5
Nyara Sabally,Toronto Tempo,Maria Conde,27.70,7
Nyara Sabally,Toronto Tempo,Laura Juskaite,26.96,7
Nyara Sabally,Toronto Tempo,Isabelle Harrison,26.09,5
Nyara Sabally,Toronto Tempo,Temi Fagbenle,18.72,4
Nyara Sabally,Toronto Tempo,Lexi Held,15.64,2
Nyara Sabally,Toronto Tempo,Nikolina Milic,12.24,2
Nyara Sabally,Toronto Tempo,Kia Nurse,12.06,7
Nyara Sabally,Toronto Tempo,Tima Pouye,9.79,5
Nyara Sabally,Toronto Tempo,Teonni Key,9.78,7
Temi Fagbenle,Toronto Tempo,Jessica Shepard,36.07,2
Temi Fagbenle,Toronto Tempo,Kelsey Plum,34.52,2
Temi Fagbenle,Toronto Tempo,Paige Bueckers,34.17,2
Temi Fagbenle,Toronto Tempo,Azzi Fudd,33.19,2
Temi Fagbenle,Toronto Tempo,Brittney Sykes,33.11,11
Temi Fagbenle,Toronto Tempo,Jonquel Jones,32.35,2
Temi Fagbenle,Toronto Tempo,Breanna Stewart,31.68,2
Temi Fagbenle,Toronto Tempo,Dearica Hamby,31.40,2
Temi Fagbenle,Toronto Tempo,Skylar Diggins,31.39,2
Temi Fagbenle,Toronto Tempo,Erica Wheeler,31.38,2
Temi Fagbenle,Toronto Tempo,Nneka Ogwumike,31.18,2
Temi Fagbenle,Toronto Tempo,Julie Allemand,28.92,10
Temi Fagbenle,Toronto Tempo,Natasha Cloud,28.83,2
Temi Fagbenle,Toronto Tempo,Marina Mabrey,28.82,16
Temi Fagbenle,Toronto Tempo,Arike Ogunbowale,28.39,2
Temi Fagbenle,Toronto Tempo,Kiki Rice,27.68,9
Temi Fagbenle,Toronto Tempo,Jade Melbourne,27.62,2
Temi Fagbenle,Toronto Tempo,Rae Burrell,26.63,2
Temi Fagbenle,Toronto Tempo,Pauline Astier,26.40,2
Temi Fagbenle,Toronto Tempo,Flau'jae Johnson,26.35,2
Temi Fagbenle,Toronto Tempo,Maria Conde,26.01,16
Temi Fagbenle,Toronto Tempo,Nyara Sabally,24.86,13
Temi Fagbenle,Toronto Tempo,Marine Johannes,24.53,2
Temi Fagbenle,Toronto Tempo,Laura Juskaite,23.95,16
Temi Fagbenle,Toronto Tempo,Natisha Hiedeman,22.78,2
Temi Fagbenle,Toronto Tempo,Isabelle Harrison,22.65,7
Temi Fagbenle,Toronto Tempo,Kamilla Cardoso,22.56,2
Temi Fagbenle,Toronto Tempo,Stefanie Dolson,22.45,2
Temi Fagbenle,Toronto Tempo,Elizabeth Williams,22.22,2
Temi Fagbenle,Toronto Tempo,Jordan Horston,20.08,2
Temi Fagbenle,Toronto Tempo,Jacy Sheldon,20.03,2
Temi Fagbenle,Toronto Tempo,Azura Stevens,19.48,2
Temi Fagbenle,Toronto Tempo,Cameron Brink,17.43,2
Temi Fagbenle,Toronto Tempo,Rachel Banham,17.26,2
Temi Fagbenle,Toronto Tempo,Betnijah Laney-Hamilton,16.60,2
Temi Fagbenle,Toronto Tempo,Awak Kuier,16.34,2
Temi Fagbenle,Toronto Tempo,Sydney Taylor,15.88,2
Temi Fagbenle,Toronto Tempo,Lexie Brown,14.69,2
Temi Fagbenle,Toronto Tempo,Han Xu,14.68,2
Temi Fagbenle,Toronto Tempo,Zia Cooke,13.60,2
Temi Fagbenle,Toronto Tempo,Kate Martin,12.22,2
Temi Fagbenle,Toronto Tempo,Alysha Clark,11.53,2
Temi Fagbenle,Toronto Tempo,Kayla Alexander,11.49,2
Temi Fagbenle,Toronto Tempo,Kia Nurse,11.07,16
Temi Fagbenle,Toronto Tempo,Alanna Smith,11.07,2
Temi Fagbenle,Toronto Tempo,Chance Gray,10.37,2
Temi Fagbenle,Toronto Tempo,Teonni Key,10.22,15
Temi Fagbenle,Toronto Tempo,Mackenzie Holmes,10.21,2
Temi Fagbenle,Toronto Tempo,Odyssey Sims,10.17,2
Temi Fagbenle,Toronto Tempo,Tima Pouye,9.05,9
Temi Fagbenle,Toronto Tempo,Nikolina Milic,9.01,7
Temi Fagbenle,Toronto Tempo,Lexi Held,8.28,7
Temi Fagbenle,Toronto Tempo,Rebekah Gardner,8.27,2
Temi Fagbenle,Toronto Tempo,Mariella Fasoula,6.99,2
Temi Fagbenle,Toronto Tempo,Aziaha James,6.97,2
Temi Fagbenle,Toronto Tempo,Maddy Siegrist,5.58,2
Temi Fagbenle,Toronto Tempo,Ornella Bankole,5.22,2
Tima Pouye,Toronto Tempo,Kelsey Plum,34.52,2
Tima Pouye,Toronto Tempo,Brittney Sykes,32.18,8
Tima Pouye,Toronto Tempo,Dearica Hamby,31.40,2
Tima Pouye,Toronto Tempo,Erica Wheeler,31.38,2
Tima Pouye,Toronto Tempo,Nneka Ogwumike,31.18,2
Tima Pouye,Toronto Tempo,Kiki Rice,26.92,8
Tima Pouye,Toronto Tempo,Julie Allemand,26.72,3
Tima Pouye,Toronto Tempo,Marina Mabrey,26.69,8
Tima Pouye,Toronto Tempo,Rae Burrell,26.63,2
Tima Pouye,Toronto Tempo,Nyara Sabally,24.99,6
Tima Pouye,Toronto Tempo,Maria Conde,23.29,8
Tima Pouye,Toronto Tempo,Laura Juskaite,19.99,8
Tima Pouye,Toronto Tempo,Cameron Brink,17.43,2
Tima Pouye,Toronto Tempo,Kate Martin,12.22,2
Tima Pouye,Toronto Tempo,Kia Nurse,12.15,8
Tima Pouye,Toronto Tempo,Teonni Key,11.73,8
Tima Pouye,Toronto Tempo,Chance Gray,10.37,2
Tima Pouye,Toronto Tempo,Nikolina Milic,9.24,6
Tima Pouye,Toronto Tempo,Lexi Held,7.49,8
Tima Pouye,Toronto Tempo,Mariella Fasoula,5.11,3
Alicia Florez,Washington Mystics,Breanna Stewart,35.32,2
Alicia Florez,Washington Mystics,Sonia Citron,33.64,11
Alicia Florez,Washington Mystics,Marine Johannes,32.17,2
Alicia Florez,Washington Mystics,Leila Lacan,28.52,2
Alicia Florez,Washington Mystics,Jonquel Jones,28.43,2
Alicia Florez,Washington Mystics,Kiki Iriafen,27.79,11
Alicia Florez,Washington Mystics,Natisha Hiedeman,27.71,2
Alicia Florez,Washington Mystics,Shakira Austin,27.41,11
Alicia Florez,Washington Mystics,Flau'jae Johnson,26.68,2
Alicia Florez,Washington Mystics,Kennedy Burke,25.41,2
Alicia Florez,Washington Mystics,Charlisse Leger-Walker,25.10,2
Alicia Florez,Washington Mystics,Georgia Amoore,24.87,12
Alicia Florez,Washington Mystics,Michaela Onyenwere,24.52,8
Alicia Florez,Washington Mystics,Jade Melbourne,23.89,2
Alicia Florez,Washington Mystics,Stefanie Dolson,22.93,2
Alicia Florez,Washington Mystics,Pauline Astier,22.35,2
Alicia Florez,Washington Mystics,Alicia Florez Getino,22.33,3
Alicia Florez,Washington Mystics,Brittney Griner,22.06,2
Alicia Florez,Washington Mystics,Olivia Nelson-Ododa,19.63,2
Alicia Florez,Washington Mystics,Jordan Horston,19.06,2
Alicia Florez,Washington Mystics,Awa Fam,18.87,2
Alicia Florez,Washington Mystics,Cotie McMahon,18.83,10
Alicia Florez,Washington Mystics,Han Xu,18.54,2
Alicia Florez,Washington Mystics,Diamond Miller,18.32,2
Alicia Florez,Washington Mystics,Aaliyah Edwards,17.62,2
Alicia Florez,Washington Mystics,Zia Cooke,17.50,2
Alicia Florez,Washington Mystics,Mackenzie Holmes,17.08,2
Alicia Florez,Washington Mystics,Cassandre Prosper,17.08,10
Alicia Florez,Washington Mystics,Rebekah Gardner,17.04,2
Alicia Florez,Washington Mystics,Katie Lou Samuelson,16.66,2
Alicia Florez,Washington Mystics,Lauren Betts,16.11,12
Alicia Florez,Washington Mystics,Alex Wilson,14.48,4
Alicia Florez,Washington Mystics,Angela Dugalic,13.21,12
Alicia Florez,Washington Mystics,Rori Harmon,10.02,6
Alicia Florez,Washington Mystics,Lexie Brown,9.63,2
Alicia Florez,Washington Mystics,Lucy Olsen,9.14,9
Alicia Florez,Washington Mystics,Nell Angloma,9.07,2
Alicia Florez,Washington Mystics,Raegan Beers,8.13,2
Cassandre Prosper,Washington Mystics,Sonia Citron,37.72,4
Cassandre Prosper,Washington Mystics,Kayla McBride,36.93,2
Cassandre Prosper,Washington Mystics,Natasha Howard,36.00,2
Cassandre Prosper,Washington Mystics,Olivia Miles,33.74,2
Cassandre Prosper,Washington Mystics,Kiki Iriafen,33.52,4
Cassandre Prosper,Washington Mystics,Michaela Onyenwere,30.78,4
Cassandre Prosper,Washington Mystics,Shakira Austin,29.42,4
Cassandre Prosper,Washington Mystics,Courtney Williams,28.17,2
Cassandre Prosper,Washington Mystics,Nia Coffey,26.88,2
Cassandre Prosper,Washington Mystics,Georgia Amoore,25.73,4
Cassandre Prosper,Washington Mystics,Cotie McMahon,24.84,4
Cassandre Prosper,Washington Mystics,Alicia Florez,17.95,2
Cassandre Prosper,Washington Mystics,Lauren Betts,16.06,4
Cassandre Prosper,Washington Mystics,Maya Caldwell,13.42,2
Cassandre Prosper,Washington Mystics,Anastasiia Olairi Kosu,10.96,2
Cassandre Prosper,Washington Mystics,Angela Dugalic,10.64,4
Cassandre Prosper,Washington Mystics,Antonia Delaere,7.74,2
Cassandre Prosper,Washington Mystics,Lucy Olsen,7.33,4
Cassandre Prosper,Washington Mystics,Teaira McCowan,6.16,2
Cotie McMahon,Washington Mystics,Sonia Citron,35.11,2
Cotie McMahon,Washington Mystics,Shakira Austin,30.67,2
Cotie McMahon,Washington Mystics,Kiki Iriafen,27.68,2
Cotie McMahon,Washington Mystics,Cassandre Prosper,23.06,2
Cotie McMahon,Washington Mystics,Georgia Amoore,20.90,2
Cotie McMahon,Washington Mystics,Rori Harmon,20.63,2
Cotie McMahon,Washington Mystics,Alex Wilson,20.47,2
Cotie McMahon,Washington Mystics,Lauren Betts,15.23,2
Cotie McMahon,Washington Mystics,Angela Dugalic,11.43,2
Cotie McMahon,Washington Mystics,Lucy Olsen,7.34,2
Kiki Iriafen,Washington Mystics,Sonia Citron,34.38,3
Kiki Iriafen,Washington Mystics,Shakira Austin,31.03,2
Kiki Iriafen,Washington Mystics,Michaela Onyenwere,27.26,3
Kiki Iriafen,Washington Mystics,Lauren Betts,25.78,3
Kiki Iriafen,Washington Mystics,Angela Dugalic,23.34,3
Kiki Iriafen,Washington Mystics,Cotie McMahon,21.61,3
Kiki Iriafen,Washington Mystics,Georgia Amoore,20.26,3
Kiki Iriafen,Washington Mystics,Alicia Florez,18.30,2
Kiki Iriafen,Washington Mystics,Lucy Olsen,11.83,2
Kiki Iriafen,Washington Mystics,Cassandre Prosper,5.88,3
Michaela Onyenwere,Washington Mystics,Sonia Citron,33.59,4
Michaela Onyenwere,Washington Mystics,Shakira Austin,30.29,4
Michaela Onyenwere,Washington Mystics,Kiki Iriafen,29.42,4
Michaela Onyenwere,Washington Mystics,Cotie McMahon,25.53,2
Michaela Onyenwere,Washington Mystics,Cassandre Prosper,24.02,4
Michaela Onyenwere,Washington Mystics,Georgia Amoore,22.43,4
Michaela Onyenwere,Washington Mystics,Lauren Betts,14.75,4
Michaela Onyenwere,Washington Mystics,Alex Wilson,14.48,4
Michaela Onyenwere,Washington Mystics,Rori Harmon,13.93,4
Michaela Onyenwere,Washington Mystics,Angela Dugalic,10.55,4
Michaela Onyenwere,Washington Mystics,Lucy Olsen,8.37,3
Sonia Citron,Washington Mystics,Kiki Iriafen,29.16,3
Sonia Citron,Washington Mystics,Cotie McMahon,29.11,3
Sonia Citron,Washington Mystics,Shakira Austin,26.09,3
Sonia Citron,Washington Mystics,Michaela Onyenwere,24.62,3
Sonia Citron,Washington Mystics,Alicia Florez,22.00,2
Sonia Citron,Washington Mystics,Georgia Amoore,18.48,3
Sonia Citron,Washington Mystics,Cassandre Prosper,15.91,3
Sonia Citron,Washington Mystics,Lauren Betts,14.54,3
Sonia Citron,Washington Mystics,Lucy Olsen,10.24,3
Sonia Citron,Washington Mystics,Angela Dugalic,10.19,3
